Fecha,Ciudad,Temperatura Maxima,Temperatura Minima,Precipitacion,Velocidad del Viento,Humedad Relativa
1/1/2023,Buenos Aires,27,18,0.0,22.7,68.8
1/1/2023,Cordoba,35,18,0.0,33.8,61.7
1/1/2023,Rosario,23,21,0.0,10.6,80.0
1/1/2023,Mendoza,35,21,0.0,23.8,76.8
1/1/2023,Tucuman,36,18,17.2,25.7,54.9
2/1/2023,Buenos Aires,31,15,0.0,10.6,67.1
2/1/2023,Cordoba,32,20,0.0,20.8,56.2
2/1/2023,Rosario,23,17,0.0,16.3,37.7
2/1/2023,Mendoza,34,19,0.0,39.7,36.1
2/1/2023,Tucuman,28,19,0.0,24.0,44.7
3/1/2023,Buenos Aires,29,21,0.0,15.9,52.1
3/1/2023,Cordoba,24,18,0.0,39.3,58.1
3/1/2023,Rosario,29,15,0.0,18.5,37.2
3/1/2023,Mendoza,29,19,0.0,11.9,71.5
3/1/2023,Tucuman,29,19,0.0,27.3,85.8
4/1/2023,Buenos Aires,27,20,0.0,18.7,41.0
4/1/2023,Cordoba,26,19,0.0,30.3,46.2
4/1/2023,Rosario,25,22,0.0,27.8,64.3
4/1/2023,Mendoza,33,15,53.7,31.0,47.8
4/1/2023,Tucuman,21,16,0.0,36.5,71.6
5/1/2023,Buenos Aires,32,17,0.0,22.7,66.4
5/1/2023,Cordoba,26,17,0.0,28.5,55.7
5/1/2023,Rosario,29,22,0.0,27.2,69.2
5/1/2023,Mendoza,21,17,0.0,23.1,83.5
5/1/2023,Tucuman,30,16,12.0,31.4,89.9
6/1/2023,Buenos Aires,28,21,0.0,13.7,80.9
6/1/2023,Cordoba,24,17,0.0,30.9,57.2
6/1/2023,Rosario,22,19,117.1,10.4,51.6
6/1/2023,Mendoza,22,16,0.0,16.0,31.1
6/1/2023,Tucuman,31,22,41.4,31.1,31.9
7/1/2023,Buenos Aires,28,17,0.0,38.0,66.8
7/1/2023,Cordoba,23,21,0.0,21.9,42.6
7/1/2023,Rosario,34,15,0.0,16.8,45.3
7/1/2023,Mendoza,31,20,0.0,21.3,40.8
7/1/2023,Tucuman,21,20,0.0,26.1,83.8
8/1/2023,Buenos Aires,26,16,0.0,10.6,75.5
8/1/2023,Cordoba,23,20,70.6,28.9,82.4
8/1/2023,Rosario,28,19,22.3,30.6,42.9
8/1/2023,Mendoza,23,18,0.0,25.5,31.5
8/1/2023,Tucuman,30,18,0.0,18.3,65.2
9/1/2023,Buenos Aires,21,19,0.0,31.5,53.8
9/1/2023,Cordoba,30,22,0.0,20.7,86.4
9/1/2023,Rosario,31,15,0.0,26.6,65.1
9/1/2023,Mendoza,26,15,0.0,10.5,85.8
9/1/2023,Tucuman,27,20,0.0,11.9,59.1
10/1/2023,Buenos Aires,30,15,40.6,17.0,87.0
10/1/2023,Cordoba,30,17,75.7,18.8,80.9
10/1/2023,Rosario,31,17,0.0,39.5,58.7
10/1/2023,Mendoza,23,18,0.0,34.7,41.4
10/1/2023,Tucuman,32,16,11.7,39.2,87.7
11/1/2023,Buenos Aires,34,15,0.0,22.2,43.9
11/1/2023,Cordoba,32,19,0.0,33.1,38.8
11/1/2023,Rosario,21,18,0.0,22.6,63.4
11/1/2023,Mendoza,28,19,0.0,11.7,48.1
11/1/2023,Tucuman,27,17,0.0,18.5,52.8
12/1/2023,Buenos Aires,24,15,0.0,33.4,76.6
12/1/2023,Cordoba,31,20,0.0,21.1,41.8
12/1/2023,Rosario,24,20,0.0,25.6,48.4
12/1/2023,Mendoza,21,20,0.0,22.9,60.6
12/1/2023,Tucuman,22,21,0.0,21.8,87.4
13/1/2023,Buenos Aires,23,18,0.0,36.5,57.5
13/1/2023,Cordoba,22,19,0.0,31.0,49.7
13/1/2023,Rosario,26,17,0.0,33.9,87.5
13/1/2023,Mendoza,21,16,0.0,38.6,64.5
13/1/2023,Tucuman,32,21,0.0,28.9,53.9
14/1/2023,Buenos Aires,23,15,31.0,11.0,87.5
14/1/2023,Cordoba,25,21,0.0,22.0,85.8
14/1/2023,Rosario,29,15,0.0,19.8,44.0
14/1/2023,Mendoza,31,20,0.0,12.0,45.1
14/1/2023,Tucuman,29,19,0.0,13.5,67.1
15/1/2023,Buenos Aires,29,16,0.0,29.2,59.4
15/1/2023,Cordoba,25,22,0.0,17.2,69.8
15/1/2023,Rosario,28,19,0.0,26.6,47.2
15/1/2023,Mendoza,24,19,43.3,37.7,32.8
15/1/2023,Tucuman,31,18,97.8,39.1,84.3
16/1/2023,Buenos Aires,27,20,0.0,38.5,44.0
16/1/2023,Cordoba,28,15,87.7,18.2,52.7
16/1/2023,Rosario,27,17,0.0,23.5,48.3
16/1/2023,Mendoza,28,17,60.3,29.0,82.0
16/1/2023,Tucuman,31,17,83.9,39.8,57.1
17/1/2023,Buenos Aires,24,21,0.0,13.9,66.2
17/1/2023,Cordoba,22,19,0.0,18.2,65.5
17/1/2023,Rosario,34,17,0.0,23.7,54.1
17/1/2023,Mendoza,36,21,0.0,25.7,75.0
17/1/2023,Tucuman,22,15,0.0,17.6,56.8
18/1/2023,Buenos Aires,34,15,0.0,28.7,72.6
18/1/2023,Cordoba,21,15,81.1,26.3,47.0
18/1/2023,Rosario,22,16,0.0,25.9,85.3
18/1/2023,Mendoza,30,21,0.0,28.7,46.7
18/1/2023,Tucuman,34,22,0.0,30.2,86.9
19/1/2023,Buenos Aires,29,19,0.0,38.9,31.0
19/1/2023,Cordoba,27,18,0.0,33.7,35.8
19/1/2023,Rosario,31,15,0.0,16.8,54.6
19/1/2023,Mendoza,22,21,0.0,39.4,82.3
19/1/2023,Tucuman,24,21,65.0,34.9,88.1
20/1/2023,Buenos Aires,33,17,0.0,38.6,48.0
20/1/2023,Cordoba,21,20,53.6,14.8,69.7
20/1/2023,Rosario,25,20,0.0,11.2,33.6
20/1/2023,Mendoza,29,17,88.8,30.2,61.7
20/1/2023,Tucuman,31,20,0.0,21.3,88.8
21/1/2023,Buenos Aires,29,22,0.0,28.2,58.7
21/1/2023,Cordoba,22,20,0.0,23.7,50.2
21/1/2023,Rosario,21,19,0.0,27.7,69.6
21/1/2023,Mendoza,29,22,0.0,29.1,78.8
21/1/2023,Tucuman,30,15,0.0,20.1,38.9
22/1/2023,Buenos Aires,25,21,0.0,33.2,87.5
22/1/2023,Cordoba,23,19,0.0,35.4,86.1
22/1/2023,Rosario,32,18,0.0,30.5,69.4
22/1/2023,Mendoza,22,21,0.0,17.2,40.1
22/1/2023,Tucuman,28,18,0.0,23.7,88.8
23/1/2023,Buenos Aires,22,16,0.0,22.1,54.0
23/1/2023,Cordoba,25,15,0.0,22.0,55.9
23/1/2023,Rosario,28,15,0.0,31.8,62.2
23/1/2023,Mendoza,34,19,0.0,10.9,74.2
23/1/2023,Tucuman,33,22,0.0,38.8,36.2
24/1/2023,Buenos Aires,28,20,0.0,25.7,51.9
24/1/2023,Cordoba,29,20,62.2,21.2,43.4
24/1/2023,Rosario,21,18,0.0,18.0,34.0
24/1/2023,Mendoza,22,19,0.0,33.2,57.4
24/1/2023,Tucuman,33,16,0.0,20.5,76.9
25/1/2023,Buenos Aires,35,20,3.5,21.8,82.7
25/1/2023,Cordoba,32,15,0.0,25.0,52.6
25/1/2023,Rosario,33,20,0.0,18.3,61.5
25/1/2023,Mendoza,29,20,5.6,10.1,40.7
25/1/2023,Tucuman,30,22,0.0,39.0,60.5
26/1/2023,Buenos Aires,27,19,0.0,18.0,82.6
26/1/2023,Cordoba,31,20,0.0,35.8,57.5
26/1/2023,Rosario,29,20,105.7,39.8,52.6
26/1/2023,Mendoza,21,18,0.0,16.5,40.0
26/1/2023,Tucuman,21,18,0.0,33.3,80.7
27/1/2023,Buenos Aires,25,18,101.1,13.1,39.4
27/1/2023,Cordoba,33,19,0.0,27.0,44.8
27/1/2023,Rosario,30,20,117.1,21.8,44.5
27/1/2023,Mendoza,34,15,0.0,22.2,52.6
27/1/2023,Tucuman,34,21,0.0,36.9,76.2
28/1/2023,Buenos Aires,22,16,34.6,13.4,42.7
28/1/2023,Cordoba,27,17,0.0,24.6,30.0
28/1/2023,Rosario,24,18,25.0,16.5,81.5
28/1/2023,Mendoza,26,17,0.0,31.8,68.2
28/1/2023,Tucuman,32,16,0.0,18.8,72.9
29/1/2023,Buenos Aires,32,18,12.9,24.2,82.9
29/1/2023,Cordoba,35,20,0.0,36.7,74.2
29/1/2023,Rosario,25,22,0.0,15.3,59.0
29/1/2023,Mendoza,24,15,112.5,18.5,50.4
29/1/2023,Tucuman,32,21,0.0,36.2,59.5
30/1/2023,Buenos Aires,22,17,0.0,19.5,56.8
30/1/2023,Cordoba,25,21,0.0,31.8,47.4
30/1/2023,Rosario,33,16,0.0,33.1,74.2
30/1/2023,Mendoza,26,15,0.0,23.5,64.1
30/1/2023,Tucuman,25,20,0.0,22.0,55.0
31/1/2023,Buenos Aires,24,17,0.0,36.3,85.1
31/1/2023,Cordoba,31,17,0.0,37.0,33.4
31/1/2023,Rosario,33,20,0.0,21.0,50.5
31/1/2023,Mendoza,30,16,0.0,24.5,84.1
31/1/2023,Tucuman,22,16,0.0,33.2,43.0
1/2/2023,Buenos Aires,32,21,0.0,24.3,79.2
1/2/2023,Cordoba,33,22,39.6,14.2,43.6
1/2/2023,Rosario,30,21,0.0,31.6,50.2
1/2/2023,Mendoza,30,17,26.1,14.9,47.5
1/2/2023,Tucuman,26,19,0.0,35.6,83.4
2/2/2023,Buenos Aires,27,20,0.0,19.7,49.0
2/2/2023,Cordoba,36,20,8.3,32.0,40.6
2/2/2023,Rosario,24,15,0.0,26.0,47.4
2/2/2023,Mendoza,27,15,110.6,31.7,63.6
2/2/2023,Tucuman,27,18,104.9,16.4,76.3
3/2/2023,Buenos Aires,28,15,0.0,32.1,35.9
3/2/2023,Cordoba,25,16,0.0,27.8,30.6
3/2/2023,Rosario,26,20,5.3,25.6,31.8
3/2/2023,Mendoza,25,17,0.0,18.6,57.4
3/2/2023,Tucuman,35,22,0.0,27.7,75.2
4/2/2023,Buenos Aires,23,21,76.8,33.3,80.9
4/2/2023,Cordoba,34,16,0.0,24.1,34.1
4/2/2023,Rosario,34,18,0.0,17.6,45.9
4/2/2023,Mendoza,24,21,0.0,28.8,73.7
4/2/2023,Tucuman,28,22,78.3,24.3,88.2
5/2/2023,Buenos Aires,32,17,0.0,34.7,44.0
5/2/2023,Cordoba,24,15,0.0,31.1,55.1
5/2/2023,Rosario,27,16,0.0,11.5,87.9
5/2/2023,Mendoza,23,17,0.1,18.3,41.2
5/2/2023,Tucuman,34,19,31.8,29.2,61.2
6/2/2023,Buenos Aires,25,17,16.9,35.8,67.1
6/2/2023,Cordoba,25,15,0.0,20.6,37.2
6/2/2023,Rosario,34,22,0.0,10.5,88.0
6/2/2023,Mendoza,23,16,35.5,18.0,79.7
6/2/2023,Tucuman,36,15,0.0,24.2,56.3
7/2/2023,Buenos Aires,31,15,0.0,23.2,45.8
7/2/2023,Cordoba,35,15,108.7,26.6,81.1
7/2/2023,Rosario,36,17,75.7,39.6,66.2
7/2/2023,Mendoza,22,16,0.0,38.7,49.8
7/2/2023,Tucuman,30,16,0.0,19.9,77.5
8/2/2023,Buenos Aires,31,20,0.0,13.1,53.8
8/2/2023,Cordoba,30,21,0.0,10.7,68.0
8/2/2023,Rosario,21,16,96.0,19.5,79.6
8/2/2023,Mendoza,32,19,0.0,22.8,83.6
8/2/2023,Tucuman,25,19,0.0,34.0,85.4
9/2/2023,Buenos Aires,36,17,0.0,39.5,71.8
9/2/2023,Cordoba,26,20,0.0,31.6,85.5
9/2/2023,Rosario,24,20,0.0,31.2,69.0
9/2/2023,Mendoza,28,20,97.9,18.3,52.2
9/2/2023,Tucuman,33,17,0.0,10.6,54.0
10/2/2023,Buenos Aires,28,19,106.6,29.6,50.7
10/2/2023,Cordoba,34,17,11.8,11.2,79.0
10/2/2023,Rosario,27,20,0.0,15.1,38.9
10/2/2023,Mendoza,24,20,118.0,39.8,37.1
10/2/2023,Tucuman,32,21,0.0,16.1,64.0
11/2/2023,Buenos Aires,29,22,0.0,10.1,55.5
11/2/2023,Cordoba,36,16,0.0,18.3,40.2
11/2/2023,Rosario,28,17,0.0,27.1,60.7
11/2/2023,Mendoza,33,16,0.0,21.9,87.3
11/2/2023,Tucuman,32,22,0.0,30.8,85.0
12/2/2023,Buenos Aires,26,21,0.0,38.7,88.8
12/2/2023,Cordoba,26,20,0.0,22.9,32.1
12/2/2023,Rosario,31,22,0.0,33.8,48.0
12/2/2023,Mendoza,28,15,0.0,10.6,36.1
12/2/2023,Tucuman,32,20,0.0,11.5,49.9
13/2/2023,Buenos Aires,26,17,0.0,10.7,79.9
13/2/2023,Cordoba,22,19,0.0,36.0,47.7
13/2/2023,Rosario,34,17,81.3,28.6,35.9
13/2/2023,Mendoza,28,16,0.0,21.9,40.0
13/2/2023,Tucuman,22,19,106.0,33.2,89.7
14/2/2023,Buenos Aires,31,19,0.0,34.7,82.0
14/2/2023,Cordoba,23,21,5.3,19.2,63.5
14/2/2023,Rosario,26,21,0.0,33.0,61.7
14/2/2023,Mendoza,34,21,0.0,31.1,87.0
14/2/2023,Tucuman,35,16,0.0,22.4,71.2
15/2/2023,Buenos Aires,33,20,42.7,27.3,34.5
15/2/2023,Cordoba,35,22,0.0,31.2,76.0
15/2/2023,Rosario,23,18,0.0,38.7,46.7
15/2/2023,Mendoza,28,22,0.0,38.3,32.2
15/2/2023,Tucuman,24,22,0.0,16.6,46.5
16/2/2023,Buenos Aires,23,15,0.0,25.1,62.4
16/2/2023,Cordoba,34,17,0.0,15.0,63.4
16/2/2023,Rosario,30,22,0.0,28.5,89.1
16/2/2023,Mendoza,36,17,0.0,16.0,59.2
16/2/2023,Tucuman,34,21,0.0,37.0,62.2
17/2/2023,Buenos Aires,34,19,0.0,17.8,33.6
17/2/2023,Cordoba,26,20,0.0,11.5,36.1
17/2/2023,Rosario,31,21,0.0,32.5,89.9
17/2/2023,Mendoza,33,18,0.0,22.3,47.8
17/2/2023,Tucuman,22,16,55.3,36.5,72.1
18/2/2023,Buenos Aires,35,18,0.0,18.5,36.2
18/2/2023,Cordoba,21,19,0.0,35.1,59.0
18/2/2023,Rosario,27,22,0.0,25.8,62.3
18/2/2023,Mendoza,25,17,118.0,23.8,79.0
18/2/2023,Tucuman,32,17,0.0,30.1,80.6
19/2/2023,Buenos Aires,23,16,53.1,19.6,58.5
19/2/2023,Cordoba,36,17,85.5,11.7,47.5
19/2/2023,Rosario,36,21,80.1,25.9,78.1
19/2/2023,Mendoza,25,18,0.0,20.8,84.0
19/2/2023,Tucuman,34,19,0.0,11.3,43.7
20/2/2023,Buenos Aires,27,20,0.0,37.9,70.0
20/2/2023,Cordoba,24,18,0.0,11.4,41.9
20/2/2023,Rosario,31,20,0.0,31.3,77.4
20/2/2023,Mendoza,34,17,78.0,26.7,74.5
20/2/2023,Tucuman,23,18,0.0,22.9,85.4
21/2/2023,Buenos Aires,34,20,0.0,24.7,73.1
21/2/2023,Cordoba,32,21,0.0,25.0,72.1
21/2/2023,Rosario,28,20,0.0,35.9,65.2
21/2/2023,Mendoza,23,17,96.6,35.4,54.9
21/2/2023,Tucuman,23,20,0.0,37.6,87.6
22/2/2023,Buenos Aires,34,17,0.0,26.4,50.4
22/2/2023,Cordoba,24,19,0.0,27.7,73.3
22/2/2023,Rosario,35,22,0.0,17.7,74.4
22/2/2023,Mendoza,31,20,92.3,31.6,88.7
22/2/2023,Tucuman,27,18,0.0,40.0,37.9
23/2/2023,Buenos Aires,31,21,0.0,13.0,74.9
23/2/2023,Cordoba,23,18,0.0,37.6,54.7
23/2/2023,Rosario,22,17,0.0,29.7,36.4
23/2/2023,Mendoza,31,16,0.0,21.5,53.6
23/2/2023,Tucuman,33,19,0.0,15.4,36.7
24/2/2023,Buenos Aires,33,21,0.0,32.0,83.4
24/2/2023,Cordoba,21,19,0.0,19.2,82.5
24/2/2023,Rosario,31,18,0.0,29.2,36.1
24/2/2023,Mendoza,28,15,0.0,25.6,57.1
24/2/2023,Tucuman,36,15,0.0,34.1,34.0
25/2/2023,Buenos Aires,32,19,0.0,30.2,58.2
25/2/2023,Cordoba,36,18,91.6,26.9,57.4
25/2/2023,Rosario,32,20,0.0,22.0,71.7
25/2/2023,Mendoza,25,17,0.0,18.4,52.6
25/2/2023,Tucuman,31,15,0.0,11.3,55.9
26/2/2023,Buenos Aires,28,15,0.0,17.3,50.3
26/2/2023,Cordoba,32,15,0.0,39.5,38.6
26/2/2023,Rosario,23,18,0.0,13.3,64.0
26/2/2023,Mendoza,31,20,0.0,35.5,32.0
26/2/2023,Tucuman,27,21,0.0,19.2,86.7
27/2/2023,Buenos Aires,21,18,0.4,14.6,42.2
27/2/2023,Cordoba,24,17,0.0,34.2,85.6
27/2/2023,Rosario,33,22,0.0,18.6,40.0
27/2/2023,Mendoza,26,21,0.0,22.8,31.5
27/2/2023,Tucuman,22,18,59.2,34.6,34.8
28/2/2023,Buenos Aires,25,16,0.0,36.7,78.4
28/2/2023,Cordoba,33,17,0.0,28.5,53.1
28/2/2023,Rosario,30,19,0.0,36.5,87.5
28/2/2023,Mendoza,28,17,32.8,15.0,70.0
28/2/2023,Tucuman,28,21,84.1,27.0,58.6
1/3/2023,Buenos Aires,35,21,0.0,15.3,40.3
1/3/2023,Cordoba,28,22,8.9,33.1,62.6
1/3/2023,Rosario,30,22,0.0,21.1,43.2
1/3/2023,Mendoza,28,19,0.0,11.8,78.7
1/3/2023,Tucuman,26,18,0.0,35.1,46.7
2/3/2023,Buenos Aires,28,21,0.0,10.5,49.6
2/3/2023,Cordoba,30,17,67.1,31.1,67.4
2/3/2023,Rosario,30,17,0.0,24.6,30.8
2/3/2023,Mendoza,33,20,0.0,14.6,77.0
2/3/2023,Tucuman,34,20,0.0,13.0,59.0
3/3/2023,Buenos Aires,25,22,36.2,35.3,48.9
3/3/2023,Cordoba,28,20,0.0,30.9,88.2
3/3/2023,Rosario,26,17,0.0,24.7,66.6
3/3/2023,Mendoza,36,21,0.0,18.5,56.7
3/3/2023,Tucuman,25,19,0.0,38.4,38.0
4/3/2023,Buenos Aires,31,22,0.0,16.3,50.8
4/3/2023,Cordoba,28,21,0.0,36.1,66.5
4/3/2023,Rosario,30,19,0.0,11.3,38.8
4/3/2023,Mendoza,32,18,0.0,13.1,35.0
4/3/2023,Tucuman,26,18,16.9,17.6,70.0
5/3/2023,Buenos Aires,36,16,0.0,13.4,63.5
5/3/2023,Cordoba,35,22,0.0,34.8,74.8
5/3/2023,Rosario,24,20,0.0,37.7,67.0
5/3/2023,Mendoza,30,21,0.0,18.6,47.1
5/3/2023,Tucuman,24,19,0.0,18.1,37.8
6/3/2023,Buenos Aires,22,21,0.0,37.8,62.2
6/3/2023,Cordoba,34,20,0.0,11.3,37.1
6/3/2023,Rosario,22,15,17.8,10.4,57.4
6/3/2023,Mendoza,24,16,73.8,14.8,73.8
6/3/2023,Tucuman,21,19,0.0,26.0,86.6
7/3/2023,Buenos Aires,29,20,0.0,13.8,82.6
7/3/2023,Cordoba,27,21,0.0,13.8,87.9
7/3/2023,Rosario,24,19,0.0,14.5,39.7
7/3/2023,Mendoza,27,20,0.0,23.8,37.8
7/3/2023,Tucuman,34,17,0.0,30.9,40.6
8/3/2023,Buenos Aires,36,21,0.0,32.0,50.5
8/3/2023,Cordoba,25,21,74.0,15.2,82.5
8/3/2023,Rosario,23,18,0.0,31.6,58.8
8/3/2023,Mendoza,25,17,0.0,25.7,45.0
8/3/2023,Tucuman,27,22,0.0,14.8,55.0
9/3/2023,Buenos Aires,33,19,0.0,10.8,46.3
9/3/2023,Cordoba,35,20,57.0,11.1,40.8
9/3/2023,Rosario,28,22,0.0,18.0,33.7
9/3/2023,Mendoza,26,22,68.6,10.0,38.7
9/3/2023,Tucuman,23,17,0.0,39.4,53.8
10/3/2023,Buenos Aires,31,21,0.0,17.2,86.6
10/3/2023,Cordoba,34,20,0.0,39.2,33.0
10/3/2023,Rosario,31,18,0.0,17.6,74.9
10/3/2023,Mendoza,33,17,0.0,27.0,70.1
10/3/2023,Tucuman,32,18,0.0,34.1,72.8
11/3/2023,Buenos Aires,22,18,0.0,10.8,49.1
11/3/2023,Cordoba,21,19,83.1,24.7,38.1
11/3/2023,Rosario,26,18,0.0,39.0,47.7
11/3/2023,Mendoza,21,16,0.0,20.3,86.9
11/3/2023,Tucuman,24,17,0.0,24.2,80.1
12/3/2023,Buenos Aires,33,18,0.0,39.2,70.8
12/3/2023,Cordoba,24,22,0.0,11.3,41.1
12/3/2023,Rosario,32,20,0.0,30.0,79.2
12/3/2023,Mendoza,33,16,0.0,10.9,56.1
12/3/2023,Tucuman,35,22,39.9,29.3,52.0
13/3/2023,Buenos Aires,34,19,85.0,16.5,36.9
13/3/2023,Cordoba,28,18,0.0,34.5,62.4
13/3/2023,Rosario,25,22,0.0,27.2,43.5
13/3/2023,Mendoza,21,19,85.6,22.8,82.9
13/3/2023,Tucuman,23,21,0.0,17.4,46.7
14/3/2023,Buenos Aires,22,15,0.0,34.9,80.6
14/3/2023,Cordoba,22,18,0.0,12.4,62.5
14/3/2023,Rosario,29,19,0.0,31.7,47.3
14/3/2023,Mendoza,22,20,0.0,27.1,47.7
14/3/2023,Tucuman,21,20,0.0,26.2,67.9
15/3/2023,Buenos Aires,26,20,116.1,29.5,60.4
15/3/2023,Cordoba,22,21,0.0,13.1,75.4
15/3/2023,Rosario,23,20,0.0,25.9,68.7
15/3/2023,Mendoza,29,20,0.0,38.6,61.7
15/3/2023,Tucuman,26,18,0.0,18.0,77.5
16/3/2023,Buenos Aires,27,19,1.3,38.9,43.1
16/3/2023,Cordoba,33,20,114.2,27.5,48.2
16/3/2023,Rosario,31,20,0.0,17.5,46.6
16/3/2023,Mendoza,32,18,0.0,12.2,30.3
16/3/2023,Tucuman,22,20,93.2,21.6,71.2
17/3/2023,Buenos Aires,29,18,0.0,19.7,84.8
17/3/2023,Cordoba,36,17,0.0,25.9,62.6
17/3/2023,Rosario,36,22,0.0,22.2,87.8
17/3/2023,Mendoza,36,19,0.0,36.8,40.6
17/3/2023,Tucuman,31,19,0.0,34.6,85.4
18/3/2023,Buenos Aires,30,17,0.0,18.8,68.3
18/3/2023,Cordoba,25,22,6.3,26.0,30.9
18/3/2023,Rosario,30,21,58.6,22.7,49.6
18/3/2023,Mendoza,28,19,81.9,30.1,55.3
18/3/2023,Tucuman,23,20,0.0,37.3,60.2
19/3/2023,Buenos Aires,26,16,0.0,39.4,44.8
19/3/2023,Cordoba,21,18,0.0,31.7,36.8
19/3/2023,Rosario,31,19,0.0,18.6,60.1
19/3/2023,Mendoza,24,18,0.0,20.1,41.4
19/3/2023,Tucuman,29,19,0.0,21.0,83.6
20/3/2023,Buenos Aires,23,16,0.0,35.1,86.1
20/3/2023,Cordoba,23,21,0.0,12.1,43.6
20/3/2023,Rosario,21,18,0.0,37.7,88.5
20/3/2023,Mendoza,34,21,0.0,18.2,52.8
20/3/2023,Tucuman,32,16,0.0,20.6,45.8
21/3/2023,Buenos Aires,30,16,43.2,19.0,52.3
21/3/2023,Cordoba,26,21,0.0,13.7,57.9
21/3/2023,Rosario,36,18,0.0,21.4,86.8
21/3/2023,Mendoza,34,21,97.4,32.5,47.3
21/3/2023,Tucuman,25,19,0.0,32.2,61.6
22/3/2023,Buenos Aires,31,17,0.0,28.3,87.7
22/3/2023,Cordoba,24,20,0.0,27.6,76.4
22/3/2023,Rosario,28,15,0.0,17.4,41.6
22/3/2023,Mendoza,36,19,33.3,20.6,83.7
22/3/2023,Tucuman,24,15,0.0,10.2,78.6
23/3/2023,Buenos Aires,35,21,0.0,20.8,84.5
23/3/2023,Cordoba,22,19,0.0,10.9,59.1
23/3/2023,Rosario,36,18,0.0,31.6,63.6
23/3/2023,Mendoza,25,18,0.0,36.0,48.8
23/3/2023,Tucuman,26,15,0.0,12.4,74.9
24/3/2023,Buenos Aires,28,20,3.2,36.3,67.4
24/3/2023,Cordoba,21,17,0.0,14.8,57.6
24/3/2023,Rosario,30,17,0.0,18.1,35.9
24/3/2023,Mendoza,26,21,0.0,25.3,77.6
24/3/2023,Tucuman,27,20,89.0,21.4,66.1
25/3/2023,Buenos Aires,26,22,0.0,30.1,58.3
25/3/2023,Cordoba,29,16,0.0,35.5,44.1
25/3/2023,Rosario,34,16,0.0,14.6,48.7
25/3/2023,Mendoza,29,22,0.0,16.5,81.7
25/3/2023,Tucuman,31,15,0.0,18.5,47.2
26/3/2023,Buenos Aires,35,16,108.2,23.8,52.0
26/3/2023,Cordoba,33,20,0.0,15.7,66.2
26/3/2023,Rosario,23,18,104.4,32.9,57.9
26/3/2023,Mendoza,33,22,0.0,15.3,88.4
26/3/2023,Tucuman,30,19,0.0,13.5,79.1
27/3/2023,Buenos Aires,33,18,106.1,20.7,75.4
27/3/2023,Cordoba,24,19,0.0,31.0,81.5
27/3/2023,Rosario,23,20,0.0,12.7,55.3
27/3/2023,Mendoza,23,20,54.5,38.3,38.4
27/3/2023,Tucuman,35,17,0.0,21.0,74.6
28/3/2023,Buenos Aires,32,18,86.3,26.0,78.1
28/3/2023,Cordoba,35,18,0.0,13.1,61.1
28/3/2023,Rosario,35,19,0.0,18.5,39.3
28/3/2023,Mendoza,22,19,0.0,33.8,76.4
28/3/2023,Tucuman,22,19,85.9,25.2,57.7
29/3/2023,Buenos Aires,32,15,0.0,35.4,57.3
29/3/2023,Cordoba,36,20,0.0,10.4,66.7
29/3/2023,Rosario,27,16,74.1,34.4,59.9
29/3/2023,Mendoza,33,19,0.0,33.2,56.9
29/3/2023,Tucuman,23,15,0.0,22.3,34.6
30/3/2023,Buenos Aires,26,18,0.0,27.5,48.3
30/3/2023,Cordoba,34,19,0.0,38.9,69.7
30/3/2023,Rosario,34,21,0.0,19.4,42.5
30/3/2023,Mendoza,36,18,0.0,19.5,66.9
30/3/2023,Tucuman,31,21,0.0,33.6,54.9
31/3/2023,Buenos Aires,21,18,53.7,33.8,79.6
31/3/2023,Cordoba,36,22,0.0,30.2,87.2
31/3/2023,Rosario,35,18,0.0,16.1,64.2
31/3/2023,Mendoza,28,22,0.0,24.0,75.2
31/3/2023,Tucuman,27,22,0.0,33.3,34.6
1/4/2023,Buenos Aires,16,9,0.0,39.5,60.0
1/4/2023,Cordoba,22,11,0.0,26.4,86.3
1/4/2023,Rosario,14,10,0.0,27.8,66.7
1/4/2023,Mendoza,23,11,0.0,34.1,58.3
1/4/2023,Tucuman,15,10,63.8,15.3,57.9
2/4/2023,Buenos Aires,12,11,0.0,38.4,58.1
2/4/2023,Cordoba,22,10,0.0,12.8,48.4
2/4/2023,Rosario,19,13,0.0,37.1,47.2
2/4/2023,Mendoza,23,12,0.0,23.9,56.1
2/4/2023,Tucuman,16,13,0.0,37.1,57.0
3/4/2023,Buenos Aires,14,12,0.0,28.1,50.4
3/4/2023,Cordoba,14,12,0.0,36.4,39.3
3/4/2023,Rosario,21,12,0.0,33.1,49.7
3/4/2023,Mendoza,17,10,0.0,36.5,52.1
3/4/2023,Tucuman,23,12,0.0,35.7,35.6
4/4/2023,Buenos Aires,22,13,0.0,19.2,71.7
4/4/2023,Cordoba,13,12,0.0,23.0,46.7
4/4/2023,Rosario,24,10,117.6,18.0,87.8
4/4/2023,Mendoza,14,12,18.3,39.6,49.6
4/4/2023,Tucuman,16,13,0.0,26.5,37.4
5/4/2023,Buenos Aires,17,13,0.0,33.8,49.7
5/4/2023,Cordoba,23,12,0.0,20.7,31.1
5/4/2023,Rosario,12,9,14.6,40.0,46.2
5/4/2023,Mendoza,16,11,54.9,31.0,80.8
5/4/2023,Tucuman,20,12,0.0,30.7,54.0
6/4/2023,Buenos Aires,24,13,0.0,21.7,56.9
6/4/2023,Cordoba,24,9,98.0,24.3,73.2
6/4/2023,Rosario,18,10,0.0,18.2,81.7
6/4/2023,Mendoza,21,10,39.7,17.3,49.9
6/4/2023,Tucuman,15,12,0.0,27.4,53.8
7/4/2023,Buenos Aires,12,11,0.0,12.0,77.0
7/4/2023,Cordoba,13,9,0.0,27.3,47.1
7/4/2023,Rosario,12,10,0.0,23.1,52.4
7/4/2023,Mendoza,24,13,0.0,33.7,68.9
7/4/2023,Tucuman,14,11,0.0,24.2,55.7
8/4/2023,Buenos Aires,17,11,0.0,14.0,31.5
8/4/2023,Cordoba,14,12,0.0,39.0,86.1
8/4/2023,Rosario,23,11,0.0,26.9,49.1
8/4/2023,Mendoza,12,9,59.4,11.3,48.1
8/4/2023,Tucuman,20,13,0.0,32.8,59.6
9/4/2023,Buenos Aires,23,12,0.0,34.1,87.5
9/4/2023,Cordoba,22,13,0.0,38.8,38.2
9/4/2023,Rosario,19,9,0.0,36.0,50.3
9/4/2023,Mendoza,23,11,28.6,25.3,66.5
9/4/2023,Tucuman,22,9,6.7,14.0,81.0
10/4/2023,Buenos Aires,17,9,0.0,12.8,46.8
10/4/2023,Cordoba,23,11,54.3,26.2,31.5
10/4/2023,Rosario,15,11,0.0,25.1,31.5
10/4/2023,Mendoza,14,10,0.0,18.6,82.8
10/4/2023,Tucuman,15,13,0.0,34.4,71.8
11/4/2023,Buenos Aires,16,9,93.4,34.5,40.0
11/4/2023,Cordoba,13,10,0.0,13.4,66.2
11/4/2023,Rosario,12,9,0.0,25.0,87.8
11/4/2023,Mendoza,13,11,0.0,30.9,68.0
11/4/2023,Tucuman,14,11,0.0,34.3,84.3
12/4/2023,Buenos Aires,16,9,0.0,14.5,66.1
12/4/2023,Cordoba,12,11,0.0,27.3,49.8
12/4/2023,Rosario,22,9,0.0,24.3,56.8
12/4/2023,Mendoza,12,9,0.0,32.0,86.2
12/4/2023,Tucuman,16,11,0.0,22.4,51.6
13/4/2023,Buenos Aires,15,9,0.0,33.5,66.6
13/4/2023,Cordoba,24,13,0.0,12.7,63.0
13/4/2023,Rosario,22,12,0.0,11.2,52.9
13/4/2023,Mendoza,17,13,0.0,35.2,44.9
13/4/2023,Tucuman,16,11,0.0,37.7,59.6
14/4/2023,Buenos Aires,20,12,79.8,34.1,46.5
14/4/2023,Cordoba,12,9,0.0,16.4,77.8
14/4/2023,Rosario,21,11,0.0,27.1,66.7
14/4/2023,Mendoza,24,12,0.0,17.2,82.3
14/4/2023,Tucuman,17,11,0.0,34.8,46.4
15/4/2023,Buenos Aires,24,11,0.0,27.0,42.1
15/4/2023,Cordoba,21,12,0.0,14.9,52.8
15/4/2023,Rosario,23,10,0.0,30.1,83.4
15/4/2023,Mendoza,22,9,0.0,14.9,41.7
15/4/2023,Tucuman,14,9,38.2,35.8,66.3
16/4/2023,Buenos Aires,17,10,0.0,17.3,40.7
16/4/2023,Cordoba,18,12,74.6,29.4,38.5
16/4/2023,Rosario,22,12,0.0,35.1,83.6
16/4/2023,Mendoza,17,9,0.0,27.9,40.4
16/4/2023,Tucuman,24,12,0.0,23.0,44.6
17/4/2023,Buenos Aires,14,13,0.0,31.5,65.1
17/4/2023,Cordoba,17,9,0.0,20.6,44.4
17/4/2023,Rosario,12,9,0.0,38.5,68.0
17/4/2023,Mendoza,18,12,0.0,33.9,69.1
17/4/2023,Tucuman,13,10,0.0,27.4,46.5
18/4/2023,Buenos Aires,16,13,0.0,22.5,62.6
18/4/2023,Cordoba,13,11,0.0,11.1,55.2
18/4/2023,Rosario,18,9,20.7,15.0,52.5
18/4/2023,Mendoza,17,11,0.0,33.6,84.7
18/4/2023,Tucuman,12,10,0.0,26.5,78.8
19/4/2023,Buenos Aires,17,10,116.1,32.4,39.3
19/4/2023,Cordoba,19,10,0.0,32.6,30.4
19/4/2023,Rosario,16,9,0.0,18.8,49.0
19/4/2023,Mendoza,23,9,0.0,39.1,89.2
19/4/2023,Tucuman,20,10,0.0,38.3,87.7
20/4/2023,Buenos Aires,22,9,59.3,28.8,76.5
20/4/2023,Cordoba,16,10,0.0,10.1,36.0
20/4/2023,Rosario,12,11,0.0,37.6,64.0
20/4/2023,Mendoza,18,9,0.0,18.6,78.8
20/4/2023,Tucuman,19,9,35.3,20.5,69.1
21/4/2023,Buenos Aires,16,12,60.1,28.6,42.5
21/4/2023,Cordoba,19,10,0.0,30.5,39.6
21/4/2023,Rosario,21,12,0.0,24.5,40.0
21/4/2023,Mendoza,19,9,0.0,36.6,68.1
21/4/2023,Tucuman,21,13,0.0,30.7,59.7
22/4/2023,Buenos Aires,18,13,0.0,18.0,67.6
22/4/2023,Cordoba,17,10,0.0,39.0,53.4
22/4/2023,Rosario,17,12,58.8,39.6,47.8
22/4/2023,Mendoza,13,9,0.0,38.1,31.8
22/4/2023,Tucuman,20,9,0.0,19.2,48.3
23/4/2023,Buenos Aires,18,13,67.5,31.9,50.2
23/4/2023,Cordoba,24,12,0.0,12.3,83.7
23/4/2023,Rosario,22,9,0.0,29.5,63.3
23/4/2023,Mendoza,13,11,65.5,34.3,72.9
23/4/2023,Tucuman,15,9,0.0,35.8,66.4
24/4/2023,Buenos Aires,18,13,0.0,12.7,76.9
24/4/2023,Cordoba,13,10,0.0,24.9,88.6
24/4/2023,Rosario,12,9,0.0,23.1,55.1
24/4/2023,Mendoza,23,13,103.2,32.4,31.4
24/4/2023,Tucuman,15,10,56.9,21.5,47.3
25/4/2023,Buenos Aires,23,11,88.6,15.5,37.5
25/4/2023,Cordoba,12,11,0.0,20.4,61.0
25/4/2023,Rosario,15,11,0.0,35.9,41.0
25/4/2023,Mendoza,19,11,0.0,18.6,41.2
25/4/2023,Tucuman,19,12,0.0,19.6,30.2
26/4/2023,Buenos Aires,18,12,0.0,35.0,41.2
26/4/2023,Cordoba,17,9,0.0,25.1,54.4
26/4/2023,Rosario,20,12,0.0,25.8,79.5
26/4/2023,Mendoza,15,10,0.0,37.7,45.5
26/4/2023,Tucuman,16,11,0.0,22.8,30.8
27/4/2023,Buenos Aires,24,11,0.0,38.1,76.4
27/4/2023,Cordoba,24,11,0.0,31.6,79.6
27/4/2023,Rosario,12,9,0.0,23.9,42.0
27/4/2023,Mendoza,24,13,0.0,39.1,32.8
27/4/2023,Tucuman,19,11,0.0,32.9,59.2
28/4/2023,Buenos Aires,18,11,0.0,14.6,71.1
28/4/2023,Cordoba,17,13,0.0,27.0,37.2
28/4/2023,Rosario,20,12,0.0,20.1,57.5
28/4/2023,Mendoza,20,9,0.0,15.8,81.1
28/4/2023,Tucuman,24,10,0.0,16.8,73.6
29/4/2023,Buenos Aires,14,9,0.0,14.2,38.1
29/4/2023,Cordoba,14,12,0.0,19.7,50.4
29/4/2023,Rosario,16,10,0.0,37.4,66.8
29/4/2023,Mendoza,24,10,0.0,34.8,76.9
29/4/2023,Tucuman,18,13,83.7,17.5,87.5
30/4/2023,Buenos Aires,20,9,0.0,13.0,79.4
30/4/2023,Cordoba,21,9,0.0,36.3,39.8
30/4/2023,Rosario,19,9,0.0,29.4,31.0
30/4/2023,Mendoza,17,10,0.0,28.3,44.4
30/4/2023,Tucuman,13,12,13.9,39.2,56.7
1/5/2023,Buenos Aires,12,9,0.0,23.9,54.6
1/5/2023,Cordoba,14,12,0.0,31.4,35.6
1/5/2023,Rosario,22,9,0.0,25.1,31.1
1/5/2023,Mendoza,18,9,0.0,18.1,36.4
1/5/2023,Tucuman,20,10,0.0,31.9,69.3
2/5/2023,Buenos Aires,13,10,0.0,27.3,42.8
2/5/2023,Cordoba,24,11,0.0,23.1,35.8
2/5/2023,Rosario,19,10,116.8,14.9,50.7
2/5/2023,Mendoza,17,10,0.0,12.1,50.5
2/5/2023,Tucuman,21,13,0.0,12.9,54.3
3/5/2023,Buenos Aires,20,9,0.0,28.8,60.3
3/5/2023,Cordoba,14,12,0.0,33.4,88.5
3/5/2023,Rosario,17,9,0.2,29.4,76.2
3/5/2023,Mendoza,12,9,0.0,21.3,35.1
3/5/2023,Tucuman,14,10,0.0,37.9,79.4
4/5/2023,Buenos Aires,17,12,114.0,21.2,57.6
4/5/2023,Cordoba,24,9,50.6,27.3,32.6
4/5/2023,Rosario,22,11,0.0,30.2,66.3
4/5/2023,Mendoza,21,12,0.0,21.1,58.5
4/5/2023,Tucuman,23,10,0.0,19.8,53.4
5/5/2023,Buenos Aires,20,9,0.0,20.5,38.7
5/5/2023,Cordoba,18,11,0.0,15.4,33.5
5/5/2023,Rosario,18,9,0.0,10.2,77.6
5/5/2023,Mendoza,15,10,0.0,10.6,79.0
5/5/2023,Tucuman,15,9,0.0,37.9,65.7
6/5/2023,Buenos Aires,21,9,99.6,21.9,84.2
6/5/2023,Cordoba,13,10,119.5,16.9,80.2
6/5/2023,Rosario,21,11,102.0,27.2,47.6
6/5/2023,Mendoza,14,13,0.0,15.1,62.2
6/5/2023,Tucuman,18,10,0.0,26.1,42.0
7/5/2023,Buenos Aires,16,13,0.0,28.9,46.3
7/5/2023,Cordoba,20,11,0.0,35.8,78.3
7/5/2023,Rosario,23,10,0.0,23.7,80.1
7/5/2023,Mendoza,18,9,27.2,20.0,39.6
7/5/2023,Tucuman,20,13,0.0,11.4,89.7
8/5/2023,Buenos Aires,16,10,0.0,15.2,43.2
8/5/2023,Cordoba,22,11,0.0,11.6,72.3
8/5/2023,Rosario,16,11,0.0,15.8,55.2
8/5/2023,Mendoza,17,10,0.0,22.5,36.3
8/5/2023,Tucuman,16,13,0.0,38.4,47.8
9/5/2023,Buenos Aires,14,11,105.4,33.2,33.4
9/5/2023,Cordoba,16,11,0.0,16.3,60.0
9/5/2023,Rosario,17,12,0.0,10.0,82.8
9/5/2023,Mendoza,24,11,0.0,18.9,34.9
9/5/2023,Tucuman,12,10,0.0,32.7,39.5
10/5/2023,Buenos Aires,22,9,0.0,32.5,78.7
10/5/2023,Cordoba,23,12,0.0,28.7,59.8
10/5/2023,Rosario,13,9,0.0,28.4,57.0
10/5/2023,Mendoza,18,9,0.0,35.5,65.8
10/5/2023,Tucuman,15,13,0.0,35.3,46.8
11/5/2023,Buenos Aires,12,11,0.0,19.9,49.7
11/5/2023,Cordoba,23,11,0.0,19.7,70.2
11/5/2023,Rosario,21,10,0.0,29.0,37.8
11/5/2023,Mendoza,16,13,0.0,15.6,39.1
11/5/2023,Tucuman,13,12,0.0,13.4,36.5
12/5/2023,Buenos Aires,17,10,0.0,34.9,52.6
12/5/2023,Cordoba,19,10,0.0,39.6,81.4
12/5/2023,Rosario,24,11,0.0,11.0,32.3
12/5/2023,Mendoza,17,11,49.7,18.5,59.4
12/5/2023,Tucuman,23,10,0.0,26.2,38.5
13/5/2023,Buenos Aires,14,12,0.0,13.1,76.3
13/5/2023,Cordoba,21,10,4.5,18.2,87.1
13/5/2023,Rosario,21,11,10.9,32.0,61.1
13/5/2023,Mendoza,19,12,0.0,26.7,34.6
13/5/2023,Tucuman,17,10,0.0,21.3,33.7
14/5/2023,Buenos Aires,12,11,0.0,13.6,51.0
14/5/2023,Cordoba,22,10,0.0,18.8,64.0
14/5/2023,Rosario,24,13,0.0,13.4,63.7
14/5/2023,Mendoza,24,11,0.0,38.4,81.9
14/5/2023,Tucuman,15,10,25.2,36.0,44.9
15/5/2023,Buenos Aires,17,12,0.0,26.8,46.1
15/5/2023,Cordoba,19,11,0.0,28.2,50.5
15/5/2023,Rosario,19,9,0.0,25.2,44.1
15/5/2023,Mendoza,23,12,0.0,18.0,30.8
15/5/2023,Tucuman,19,9,29.0,14.9,45.2
16/5/2023,Buenos Aires,24,12,0.0,11.5,83.4
16/5/2023,Cordoba,15,9,95.8,24.8,64.1
16/5/2023,Rosario,20,12,0.0,22.2,84.2
16/5/2023,Mendoza,19,11,0.0,28.2,71.9
16/5/2023,Tucuman,22,12,0.0,12.8,63.6
17/5/2023,Buenos Aires,15,12,0.0,10.3,38.6
17/5/2023,Cordoba,18,10,0.0,34.6,55.9
17/5/2023,Rosario,14,11,0.0,19.5,68.6
17/5/2023,Mendoza,24,9,0.0,33.7,30.6
17/5/2023,Tucuman,24,9,72.5,16.9,59.7
18/5/2023,Buenos Aires,16,13,18.3,30.8,74.2
18/5/2023,Cordoba,21,10,0.0,31.5,53.5
18/5/2023,Rosario,23,9,0.0,31.3,86.6
18/5/2023,Mendoza,17,11,0.0,35.6,84.6
18/5/2023,Tucuman,23,13,0.0,36.4,49.1
19/5/2023,Buenos Aires,16,12,1.8,27.2,54.8
19/5/2023,Cordoba,12,9,0.0,24.6,84.0
19/5/2023,Rosario,13,10,0.0,27.1,45.8
19/5/2023,Mendoza,16,9,0.0,20.0,60.6
19/5/2023,Tucuman,16,12,0.0,17.0,81.5
20/5/2023,Buenos Aires,16,12,0.0,27.0,67.4
20/5/2023,Cordoba,12,9,34.1,31.5,57.0
20/5/2023,Rosario,20,9,0.0,25.7,45.8
20/5/2023,Mendoza,16,9,0.0,14.4,65.5
20/5/2023,Tucuman,15,10,0.0,23.0,49.5
21/5/2023,Buenos Aires,20,11,0.0,16.4,78.3
21/5/2023,Cordoba,18,13,0.0,33.9,87.7
21/5/2023,Rosario,18,11,19.3,19.7,59.8
21/5/2023,Mendoza,23,12,91.8,29.1,87.4
21/5/2023,Tucuman,19,12,0.0,32.7,50.0
22/5/2023,Buenos Aires,20,12,0.0,27.8,47.7
22/5/2023,Cordoba,14,13,12.0,39.0,50.8
22/5/2023,Rosario,16,11,0.0,35.2,73.3
22/5/2023,Mendoza,17,12,0.0,28.0,68.1
22/5/2023,Tucuman,23,12,0.0,30.0,78.5
23/5/2023,Buenos Aires,23,12,76.3,37.3,84.3
23/5/2023,Cordoba,13,10,0.0,24.9,43.8
23/5/2023,Rosario,19,13,66.4,14.2,49.5
23/5/2023,Mendoza,20,9,0.0,24.5,52.4
23/5/2023,Tucuman,14,11,0.0,35.4,35.4
24/5/2023,Buenos Aires,23,12,0.0,30.8,53.9
24/5/2023,Cordoba,15,11,0.0,25.9,37.9
24/5/2023,Rosario,16,9,0.0,12.2,33.7
24/5/2023,Mendoza,13,9,0.5,24.1,89.7
24/5/2023,Tucuman,18,9,0.0,19.1,37.8
25/5/2023,Buenos Aires,14,12,0.0,33.7,52.9
25/5/2023,Cordoba,20,9,0.0,13.6,60.1
25/5/2023,Rosario,14,13,0.0,22.5,83.2
25/5/2023,Mendoza,21,12,13.6,25.1,86.9
25/5/2023,Tucuman,19,9,0.0,27.3,52.0
26/5/2023,Buenos Aires,18,13,49.5,15.7,74.6
26/5/2023,Cordoba,17,12,0.0,18.0,41.1
26/5/2023,Rosario,19,13,89.2,18.9,69.0
26/5/2023,Mendoza,13,10,0.0,10.4,58.3
26/5/2023,Tucuman,23,13,0.0,38.1,82.8
27/5/2023,Buenos Aires,13,9,0.0,13.6,49.2
27/5/2023,Cordoba,21,9,0.0,34.0,73.9
27/5/2023,Rosario,18,10,0.0,25.0,56.9
27/5/2023,Mendoza,13,10,0.0,25.1,85.2
27/5/2023,Tucuman,15,13,0.0,10.5,36.2
28/5/2023,Buenos Aires,18,9,0.0,28.3,49.7
28/5/2023,Cordoba,21,13,0.0,14.8,38.6
28/5/2023,Rosario,15,12,0.0,14.2,74.8
28/5/2023,Mendoza,16,13,4.6,14.6,85.5
28/5/2023,Tucuman,17,10,0.0,16.4,85.0
29/5/2023,Buenos Aires,12,10,0.0,34.1,56.3
29/5/2023,Cordoba,14,9,0.0,34.1,37.2
29/5/2023,Rosario,17,10,82.5,33.4,63.9
29/5/2023,Mendoza,19,9,0.0,30.3,38.6
29/5/2023,Tucuman,18,13,0.0,16.5,58.4
30/5/2023,Buenos Aires,23,13,0.0,25.7,81.5
30/5/2023,Cordoba,21,13,0.0,34.2,43.3
30/5/2023,Rosario,18,10,0.0,28.8,67.1
30/5/2023,Mendoza,19,9,7.4,22.2,40.2
30/5/2023,Tucuman,16,13,0.0,16.8,54.8
31/5/2023,Buenos Aires,18,13,0.0,33.7,53.1
31/5/2023,Cordoba,21,12,0.0,35.4,75.7
31/5/2023,Rosario,24,9,0.0,14.8,81.2
31/5/2023,Mendoza,19,10,77.0,32.0,36.9
31/5/2023,Tucuman,15,11,0.0,19.1,51.3
1/6/2023,Buenos Aires,5,0,0.0,17.3,37.2
1/6/2023,Cordoba,5,1,39.1,27.2,61.2
1/6/2023,Rosario,8,-1,0.0,22.2,50.8
1/6/2023,Mendoza,7,4,0.0,17.5,44.4
1/6/2023,Tucuman,3,-3,0.0,22.3,77.6
2/6/2023,Buenos Aires,11,-1,0.0,36.8,32.4
2/6/2023,Cordoba,10,3,70.5,13.8,46.6
2/6/2023,Rosario,6,-2,0.0,11.6,55.6
2/6/2023,Mendoza,15,4,0.0,18.7,74.1
2/6/2023,Tucuman,13,5,0.0,36.9,56.4
3/6/2023,Buenos Aires,8,7,0.0,22.3,86.4
3/6/2023,Cordoba,15,-1,0.0,20.5,65.3
3/6/2023,Rosario,6,3,0.0,37.7,87.6
3/6/2023,Mendoza,3,0,0.0,11.0,46.4
3/6/2023,Tucuman,5,-2,0.0,35.4,82.7
4/6/2023,Buenos Aires,12,5,0.0,36.0,78.0
4/6/2023,Cordoba,8,6,0.0,37.4,85.0
4/6/2023,Rosario,5,4,0.0,26.1,82.8
4/6/2023,Mendoza,7,4,6.7,24.8,39.6
4/6/2023,Tucuman,7,-2,0.0,37.5,82.4
5/6/2023,Buenos Aires,13,8,0.0,10.1,72.1
5/6/2023,Cordoba,15,-3,0.0,14.1,38.7
5/6/2023,Rosario,15,-3,0.0,19.9,39.8
5/6/2023,Mendoza,10,-1,0.0,15.8,78.9
5/6/2023,Tucuman,6,3,0.0,30.2,38.3
6/6/2023,Buenos Aires,14,-1,0.0,12.4,38.8
6/6/2023,Cordoba,3,-3,0.0,12.4,42.1
6/6/2023,Rosario,11,6,0.0,18.4,82.4
6/6/2023,Mendoza,12,4,0.0,37.6,39.2
6/6/2023,Tucuman,2,-1,0.0,27.7,37.8
7/6/2023,Buenos Aires,10,0,0.0,31.1,81.5
7/6/2023,Cordoba,2,-1,0.0,39.1,74.2
7/6/2023,Rosario,2,-3,0.0,22.7,68.6
7/6/2023,Mendoza,14,3,0.0,21.9,56.9
7/6/2023,Tucuman,6,3,73.9,34.2,44.3
8/6/2023,Buenos Aires,6,2,0.0,19.1,61.2
8/6/2023,Cordoba,10,1,0.0,32.6,71.7
8/6/2023,Rosario,13,6,0.0,19.6,71.2
8/6/2023,Mendoza,11,5,0.0,28.2,55.5
8/6/2023,Tucuman,12,0,0.0,18.6,47.6
9/6/2023,Buenos Aires,12,0,0.0,32.1,71.4
9/6/2023,Cordoba,8,-1,0.0,11.1,41.9
9/6/2023,Rosario,4,1,0.0,11.7,89.1
9/6/2023,Mendoza,9,3,0.0,19.0,45.4
9/6/2023,Tucuman,10,-3,0.0,16.9,63.0
10/6/2023,Buenos Aires,13,-3,0.0,38.5,35.5
10/6/2023,Cordoba,12,1,0.0,19.1,82.4
10/6/2023,Rosario,9,1,0.0,12.1,45.4
10/6/2023,Mendoza,14,-1,0.0,10.4,82.7
10/6/2023,Tucuman,2,1,79.7,19.6,69.1
11/6/2023,Buenos Aires,15,-3,0.0,38.9,75.7
11/6/2023,Cordoba,7,4,0.0,21.1,85.1
11/6/2023,Rosario,14,7,0.0,24.8,65.5
11/6/2023,Mendoza,6,2,0.0,11.7,67.5
11/6/2023,Tucuman,9,4,0.0,16.3,61.8
12/6/2023,Buenos Aires,6,4,0.0,16.2,44.5
12/6/2023,Cordoba,9,5,0.0,26.9,58.3
12/6/2023,Rosario,8,5,0.0,37.4,78.7
12/6/2023,Mendoza,2,-1,21.1,29.7,55.3
12/6/2023,Tucuman,12,0,0.0,21.0,74.6
13/6/2023,Buenos Aires,8,2,0.0,21.0,68.2
13/6/2023,Cordoba,12,4,0.0,32.8,79.0
13/6/2023,Rosario,8,-3,0.0,25.2,42.7
13/6/2023,Mendoza,16,3,0.0,18.6,82.4
13/6/2023,Tucuman,12,3,16.2,12.6,61.8
14/6/2023,Buenos Aires,9,2,0.0,15.0,86.3
14/6/2023,Cordoba,13,5,0.0,21.5,39.7
14/6/2023,Rosario,12,3,0.0,16.6,59.8
14/6/2023,Mendoza,13,1,0.0,34.6,74.7
14/6/2023,Tucuman,12,2,0.0,39.8,69.4
15/6/2023,Buenos Aires,2,-3,0.0,20.4,40.1
15/6/2023,Cordoba,5,3,0.0,24.6,48.4
15/6/2023,Rosario,12,4,0.0,16.5,61.2
15/6/2023,Mendoza,6,3,0.0,38.5,84.6
15/6/2023,Tucuman,12,3,0.0,21.1,78.0
16/6/2023,Buenos Aires,16,7,27.7,22.6,71.9
16/6/2023,Cordoba,12,1,0.0,15.8,43.3
16/6/2023,Rosario,12,5,0.0,17.1,41.8
16/6/2023,Mendoza,6,2,0.0,12.1,51.2
16/6/2023,Tucuman,13,4,0.0,18.4,47.3
17/6/2023,Buenos Aires,5,0,0.0,19.6,65.5
17/6/2023,Cordoba,15,6,61.1,29.5,62.1
17/6/2023,Rosario,15,6,0.0,13.2,31.7
17/6/2023,Mendoza,9,2,0.0,30.9,66.8
17/6/2023,Tucuman,3,1,0.0,13.7,63.9
18/6/2023,Buenos Aires,8,2,0.0,13.4,84.7
18/6/2023,Cordoba,3,0,0.0,14.3,76.7
18/6/2023,Rosario,3,0,0.0,30.5,63.7
18/6/2023,Mendoza,4,-2,0.0,37.9,61.0
18/6/2023,Tucuman,9,6,0.0,19.2,60.9
19/6/2023,Buenos Aires,15,3,0.0,35.6,55.1
19/6/2023,Cordoba,9,0,0.0,15.1,90.0
19/6/2023,Rosario,5,3,95.4,15.7,77.5
19/6/2023,Mendoza,14,2,84.9,13.4,30.1
19/6/2023,Tucuman,10,6,0.0,24.8,51.4
20/6/2023,Buenos Aires,9,6,74.7,14.8,30.5
20/6/2023,Cordoba,15,3,68.0,26.4,45.9
20/6/2023,Rosario,3,0,0.0,23.6,46.6
20/6/2023,Mendoza,13,-2,0.0,16.8,72.2
20/6/2023,Tucuman,9,7,0.0,32.5,85.8
21/6/2023,Buenos Aires,15,2,0.0,28.7,46.7
21/6/2023,Cordoba,2,1,107.3,13.8,81.6
21/6/2023,Rosario,16,5,0.0,12.1,58.2
21/6/2023,Mendoza,7,0,0.0,28.7,50.1
21/6/2023,Tucuman,7,0,0.0,18.4,45.1
22/6/2023,Buenos Aires,4,3,0.0,20.6,36.2
22/6/2023,Cordoba,11,3,0.0,33.4,46.3
22/6/2023,Rosario,12,7,0.0,24.4,40.4
22/6/2023,Mendoza,16,6,0.0,30.4,80.7
22/6/2023,Tucuman,3,0,0.0,38.7,30.2
23/6/2023,Buenos Aires,2,-1,0.0,24.8,45.6
23/6/2023,Cordoba,11,0,0.0,28.9,43.9
23/6/2023,Rosario,13,-3,0.0,15.8,86.0
23/6/2023,Mendoza,2,-1,0.0,34.6,62.2
23/6/2023,Tucuman,6,-1,0.0,15.1,85.1
24/6/2023,Buenos Aires,9,5,0.0,26.0,83.1
24/6/2023,Cordoba,16,7,54.4,28.3,74.8
24/6/2023,Rosario,6,3,0.0,27.4,32.7
24/6/2023,Mendoza,6,1,0.0,27.3,83.6
24/6/2023,Tucuman,7,2,0.0,31.9,80.4
25/6/2023,Buenos Aires,4,1,0.0,30.0,80.1
25/6/2023,Cordoba,4,-2,0.0,34.1,87.9
25/6/2023,Rosario,16,3,0.0,39.2,47.1
25/6/2023,Mendoza,5,2,0.0,38.8,61.4
25/6/2023,Tucuman,10,0,19.8,39.3,82.0
26/6/2023,Buenos Aires,5,-1,102.2,18.0,40.2
26/6/2023,Cordoba,12,4,0.0,20.0,69.6
26/6/2023,Rosario,11,5,0.0,28.5,84.4
26/6/2023,Mendoza,13,7,0.0,16.4,71.1
26/6/2023,Tucuman,14,6,0.0,15.1,48.9
27/6/2023,Buenos Aires,7,-1,0.0,33.3,49.1
27/6/2023,Cordoba,5,-2,89.7,27.9,39.8
27/6/2023,Rosario,3,1,0.0,31.6,86.1
27/6/2023,Mendoza,5,2,0.0,22.3,57.9
27/6/2023,Tucuman,4,1,0.0,34.3,31.5
28/6/2023,Buenos Aires,5,2,0.0,22.6,77.2
28/6/2023,Cordoba,9,2,0.0,37.8,58.2
28/6/2023,Rosario,14,-3,0.0,20.4,66.9
28/6/2023,Mendoza,8,0,0.0,13.4,55.0
28/6/2023,Tucuman,13,8,0.0,25.4,49.8
29/6/2023,Buenos Aires,11,3,112.7,28.1,56.8
29/6/2023,Cordoba,4,-3,0.0,25.6,48.4
29/6/2023,Rosario,5,-2,0.0,32.1,42.5
29/6/2023,Mendoza,14,2,0.0,36.1,33.7
29/6/2023,Tucuman,6,2,0.0,10.5,53.2
30/6/2023,Buenos Aires,2,-2,0.0,20.4,35.5
30/6/2023,Cordoba,6,3,0.0,29.0,69.9
30/6/2023,Rosario,4,-2,31.0,15.2,45.7
30/6/2023,Mendoza,10,8,0.0,21.3,30.8
30/6/2023,Tucuman,14,8,0.0,17.9,55.4
1/7/2023,Buenos Aires,12,3,0.0,31.2,30.3
1/7/2023,Cordoba,5,2,0.0,32.1,70.3
1/7/2023,Rosario,5,2,0.0,37.7,73.7
1/7/2023,Mendoza,12,5,108.2,24.3,79.5
1/7/2023,Tucuman,10,5,0.0,21.9,81.6
2/7/2023,Buenos Aires,6,2,0.0,19.5,84.4
2/7/2023,Cordoba,16,-2,0.0,24.1,39.4
2/7/2023,Rosario,6,-3,0.0,31.2,30.2
2/7/2023,Mendoza,3,0,85.8,27.6,63.4
2/7/2023,Tucuman,7,6,0.0,21.3,33.0
3/7/2023,Buenos Aires,15,7,0.0,36.9,82.7
3/7/2023,Cordoba,5,-3,0.0,19.3,71.2
3/7/2023,Rosario,3,-2,0.0,18.3,75.4
3/7/2023,Mendoza,2,-2,0.0,17.9,34.7
3/7/2023,Tucuman,5,2,0.0,27.9,69.3
4/7/2023,Buenos Aires,7,-1,5.7,39.1,83.2
4/7/2023,Cordoba,6,3,0.0,28.4,62.1
4/7/2023,Rosario,16,5,0.0,35.9,75.2
4/7/2023,Mendoza,5,3,69.9,29.6,48.6
4/7/2023,Tucuman,10,7,88.3,18.6,84.1
5/7/2023,Buenos Aires,3,0,97.0,18.7,53.5
5/7/2023,Cordoba,10,1,0.0,31.5,33.7
5/7/2023,Rosario,5,3,0.0,13.9,89.2
5/7/2023,Mendoza,16,6,0.0,38.9,71.4
5/7/2023,Tucuman,4,1,31.1,33.1,70.7
6/7/2023,Buenos Aires,5,4,0.0,36.1,30.3
6/7/2023,Cordoba,14,7,0.0,29.7,36.7
6/7/2023,Rosario,5,3,0.0,26.3,86.8
6/7/2023,Mendoza,15,7,0.0,27.3,78.0
6/7/2023,Tucuman,16,-3,0.0,28.0,77.6
7/7/2023,Buenos Aires,13,-2,20.6,36.0,48.0
7/7/2023,Cordoba,15,0,0.0,29.5,30.6
7/7/2023,Rosario,2,-1,0.0,23.4,76.8
7/7/2023,Mendoza,16,5,0.0,23.4,73.1
7/7/2023,Tucuman,8,5,0.0,18.6,43.0
8/7/2023,Buenos Aires,7,1,103.2,26.0,59.1
8/7/2023,Cordoba,11,0,0.0,12.8,33.3
8/7/2023,Rosario,14,8,29.7,35.1,74.7
8/7/2023,Mendoza,11,1,113.4,17.8,81.9
8/7/2023,Tucuman,3,1,89.2,39.6,58.9
9/7/2023,Buenos Aires,16,0,0.0,24.9,39.8
9/7/2023,Cordoba,16,7,0.0,24.2,53.1
9/7/2023,Rosario,14,0,0.0,24.3,51.8
9/7/2023,Mendoza,15,2,0.0,32.3,33.7
9/7/2023,Tucuman,2,-1,0.0,22.0,33.0
10/7/2023,Buenos Aires,12,7,0.0,10.9,68.0
10/7/2023,Cordoba,3,-3,0.0,15.1,75.3
10/7/2023,Rosario,15,5,0.0,10.7,42.6
10/7/2023,Mendoza,10,-2,36.3,22.6,81.7
10/7/2023,Tucuman,13,4,0.0,12.7,43.2
11/7/2023,Buenos Aires,16,7,0.0,35.8,34.3
11/7/2023,Cordoba,3,0,0.0,37.5,39.2
11/7/2023,Rosario,15,7,7.1,33.3,44.9
11/7/2023,Mendoza,8,2,0.0,35.0,82.0
11/7/2023,Tucuman,2,-2,0.0,23.3,75.9
12/7/2023,Buenos Aires,12,1,0.0,27.8,82.7
12/7/2023,Cordoba,6,1,73.1,35.4,58.4
12/7/2023,Rosario,14,8,0.0,29.4,60.4
12/7/2023,Mendoza,14,1,46.1,25.4,78.9
12/7/2023,Tucuman,11,7,0.0,36.4,40.7
13/7/2023,Buenos Aires,3,1,40.0,35.2,47.1
13/7/2023,Cordoba,11,8,0.0,38.1,83.3
13/7/2023,Rosario,4,1,0.0,35.8,84.4
13/7/2023,Mendoza,6,-3,0.0,12.8,53.2
13/7/2023,Tucuman,5,-3,0.0,13.7,61.4
14/7/2023,Buenos Aires,4,1,24.2,13.9,58.5
14/7/2023,Cordoba,8,3,0.0,27.9,43.9
14/7/2023,Rosario,7,1,0.0,20.8,46.7
14/7/2023,Mendoza,12,-2,0.0,31.0,52.1
14/7/2023,Tucuman,11,3,0.0,10.0,53.0
15/7/2023,Buenos Aires,9,2,0.0,13.4,44.0
15/7/2023,Cordoba,3,0,0.0,13.8,60.6
15/7/2023,Rosario,5,4,0.0,32.6,53.2
15/7/2023,Mendoza,11,-3,0.0,30.5,33.9
15/7/2023,Tucuman,10,5,44.1,34.6,85.6
16/7/2023,Buenos Aires,16,-1,0.0,11.3,70.4
16/7/2023,Cordoba,6,3,0.0,30.6,56.9
16/7/2023,Rosario,6,-2,0.0,14.3,77.1
16/7/2023,Mendoza,15,5,0.0,35.3,65.4
16/7/2023,Tucuman,6,3,75.2,26.0,82.2
17/7/2023,Buenos Aires,11,0,0.0,16.1,37.0
17/7/2023,Cordoba,6,3,0.0,39.7,68.0
17/7/2023,Rosario,11,2,0.0,17.9,76.5
17/7/2023,Mendoza,13,0,0.0,28.3,82.5
17/7/2023,Tucuman,13,4,0.0,17.8,51.1
18/7/2023,Buenos Aires,9,4,0.0,18.6,53.6
18/7/2023,Cordoba,7,1,0.0,34.4,77.6
18/7/2023,Rosario,5,2,0.0,26.6,49.2
18/7/2023,Mendoza,5,4,72.7,17.0,83.9
18/7/2023,Tucuman,3,0,0.0,25.9,39.7
19/7/2023,Buenos Aires,5,-2,0.0,17.8,37.2
19/7/2023,Cordoba,11,-3,0.0,37.2,72.5
19/7/2023,Rosario,10,8,0.0,24.5,46.9
19/7/2023,Mendoza,16,0,0.0,30.7,66.0
19/7/2023,Tucuman,11,-1,0.0,24.5,50.4
20/7/2023,Buenos Aires,15,-2,0.0,12.1,39.4
20/7/2023,Cordoba,12,-3,93.1,22.5,88.1
20/7/2023,Rosario,2,-3,44.1,32.5,51.2
20/7/2023,Mendoza,5,2,0.0,12.5,81.7
20/7/2023,Tucuman,8,7,57.0,27.8,63.8
21/7/2023,Buenos Aires,15,5,0.0,20.2,56.4
21/7/2023,Cordoba,7,-1,0.0,31.3,50.1
21/7/2023,Rosario,6,1,0.0,24.2,69.2
21/7/2023,Mendoza,13,-3,36.4,30.2,43.3
21/7/2023,Tucuman,3,0,0.0,10.7,41.5
22/7/2023,Buenos Aires,11,-2,0.0,10.1,64.8
22/7/2023,Cordoba,13,5,0.0,17.1,60.5
22/7/2023,Rosario,6,3,0.0,28.6,80.4
22/7/2023,Mendoza,12,0,0.0,12.5,52.6
22/7/2023,Tucuman,15,2,0.0,30.6,71.5
23/7/2023,Buenos Aires,7,3,0.0,27.9,70.6
23/7/2023,Cordoba,14,4,0.0,39.0,43.0
23/7/2023,Rosario,7,5,0.0,38.6,42.3
23/7/2023,Mendoza,10,4,0.0,11.1,44.1
23/7/2023,Tucuman,14,6,0.0,10.9,32.7
24/7/2023,Buenos Aires,7,5,0.0,35.7,76.7
24/7/2023,Cordoba,3,0,0.0,24.3,33.5
24/7/2023,Rosario,4,2,0.0,28.6,82.4
24/7/2023,Mendoza,10,3,0.0,37.6,51.3
24/7/2023,Tucuman,6,3,0.0,21.7,71.3
25/7/2023,Buenos Aires,4,1,44.2,19.1,33.5
25/7/2023,Cordoba,7,4,0.0,20.5,74.0
25/7/2023,Rosario,14,-2,0.0,36.6,38.6
25/7/2023,Mendoza,7,2,0.0,26.1,78.0
25/7/2023,Tucuman,16,3,0.0,20.2,61.2
26/7/2023,Buenos Aires,5,-2,0.0,37.4,36.6
26/7/2023,Cordoba,2,0,0.0,36.6,34.1
26/7/2023,Rosario,3,-3,0.0,16.7,77.9
26/7/2023,Mendoza,2,-1,0.0,10.7,53.2
26/7/2023,Tucuman,15,7,49.8,24.1,45.1
27/7/2023,Buenos Aires,6,3,0.0,29.3,31.4
27/7/2023,Cordoba,4,1,0.0,13.8,53.1
27/7/2023,Rosario,5,0,84.5,10.1,38.0
27/7/2023,Mendoza,7,3,0.0,13.6,84.1
27/7/2023,Tucuman,13,4,0.0,19.5,68.4
28/7/2023,Buenos Aires,4,1,20.2,34.3,59.4
28/7/2023,Cordoba,13,5,0.0,33.2,57.5
28/7/2023,Rosario,2,-1,0.0,11.8,76.7
28/7/2023,Mendoza,15,2,0.0,18.2,68.4
28/7/2023,Tucuman,9,6,0.0,33.3,78.3
29/7/2023,Buenos Aires,5,2,6.1,22.8,41.6
29/7/2023,Cordoba,4,1,0.0,32.4,61.2
29/7/2023,Rosario,6,4,0.0,21.8,39.9
29/7/2023,Mendoza,14,1,0.0,13.9,34.7
29/7/2023,Tucuman,13,-2,0.0,28.9,65.2
30/7/2023,Buenos Aires,14,5,0.0,29.9,76.0
30/7/2023,Cordoba,7,6,0.0,20.7,46.8
30/7/2023,Rosario,8,7,0.0,16.7,33.3
30/7/2023,Mendoza,16,-3,62.8,13.2,79.8
30/7/2023,Tucuman,12,-2,0.0,13.2,46.0
31/7/2023,Buenos Aires,15,6,0.0,35.7,36.7
31/7/2023,Cordoba,16,-1,0.0,18.1,41.4
31/7/2023,Rosario,13,3,22.8,23.4,70.7
31/7/2023,Mendoza,10,6,0.0,31.7,69.8
31/7/2023,Tucuman,12,6,0.0,24.5,43.5
1/8/2023,Buenos Aires,5,2,0.0,13.2,69.9
1/8/2023,Cordoba,9,5,0.0,25.9,64.6
1/8/2023,Rosario,12,6,0.0,20.4,60.6
1/8/2023,Mendoza,8,2,0.0,28.8,85.9
1/8/2023,Tucuman,2,-1,0.0,35.6,57.3
2/8/2023,Buenos Aires,15,1,0.0,39.5,54.0
2/8/2023,Cordoba,4,1,0.0,16.4,66.3
2/8/2023,Rosario,3,-2,0.0,21.9,75.4
2/8/2023,Mendoza,10,2,0.0,29.6,63.7
2/8/2023,Tucuman,12,3,0.0,34.2,85.2
3/8/2023,Buenos Aires,8,4,110.2,33.3,45.8
3/8/2023,Cordoba,13,3,0.0,20.6,61.2
3/8/2023,Rosario,4,1,0.0,23.0,61.5
3/8/2023,Mendoza,14,7,0.0,24.8,31.4
3/8/2023,Tucuman,5,-1,69.2,20.0,36.5
4/8/2023,Buenos Aires,3,-1,0.0,39.9,47.1
4/8/2023,Cordoba,4,1,0.0,37.5,65.7
4/8/2023,Rosario,11,0,0.0,18.8,68.6
4/8/2023,Mendoza,3,0,0.0,37.8,77.9
4/8/2023,Tucuman,16,1,81.5,34.9,78.3
5/8/2023,Buenos Aires,6,0,0.0,33.5,32.7
5/8/2023,Cordoba,10,-3,0.0,16.9,37.6
5/8/2023,Rosario,13,-2,0.0,39.8,35.9
5/8/2023,Mendoza,10,7,14.1,13.3,68.8
5/8/2023,Tucuman,4,1,68.8,18.5,53.3
6/8/2023,Buenos Aires,6,2,0.0,26.8,67.4
6/8/2023,Cordoba,6,5,0.0,19.3,59.3
6/8/2023,Rosario,7,4,0.0,31.8,67.9
6/8/2023,Mendoza,14,5,64.1,22.1,88.0
6/8/2023,Tucuman,7,0,0.0,37.4,32.9
7/8/2023,Buenos Aires,12,-1,0.0,32.3,63.7
7/8/2023,Cordoba,5,2,0.0,29.1,32.2
7/8/2023,Rosario,7,-1,0.0,20.3,48.0
7/8/2023,Mendoza,8,-3,0.0,17.1,71.7
7/8/2023,Tucuman,2,-3,0.0,16.1,66.9
8/8/2023,Buenos Aires,15,2,0.0,19.8,41.8
8/8/2023,Cordoba,13,-1,0.0,28.7,34.2
8/8/2023,Rosario,14,1,0.0,37.9,71.7
8/8/2023,Mendoza,14,8,0.0,21.0,58.7
8/8/2023,Tucuman,14,7,0.0,10.6,41.4
9/8/2023,Buenos Aires,12,3,0.0,28.8,89.5
9/8/2023,Cordoba,11,0,0.0,29.9,51.6
9/8/2023,Rosario,8,5,0.0,17.3,49.4
9/8/2023,Mendoza,6,1,0.0,21.3,68.4
9/8/2023,Tucuman,10,3,45.9,10.1,57.5
10/8/2023,Buenos Aires,5,2,0.0,10.1,59.4
10/8/2023,Cordoba,3,-2,0.0,31.3,30.8
10/8/2023,Rosario,12,3,0.0,13.1,79.5
10/8/2023,Mendoza,10,1,0.0,15.0,38.9
10/8/2023,Tucuman,2,-1,0.0,27.2,72.0
11/8/2023,Buenos Aires,8,2,0.0,31.5,42.4
11/8/2023,Cordoba,7,0,0.0,12.9,60.3
11/8/2023,Rosario,8,-3,42.2,30.7,73.9
11/8/2023,Mendoza,8,7,0.0,27.3,62.0
11/8/2023,Tucuman,14,-3,51.3,31.9,56.4
12/8/2023,Buenos Aires,8,5,0.0,31.6,33.0
12/8/2023,Cordoba,12,0,0.0,35.0,45.0
12/8/2023,Rosario,15,6,0.0,25.3,70.3
12/8/2023,Mendoza,13,5,0.0,19.1,79.2
12/8/2023,Tucuman,2,1,75.3,10.6,39.2
13/8/2023,Buenos Aires,7,2,35.2,11.3,31.6
13/8/2023,Cordoba,10,0,0.0,36.5,48.4
13/8/2023,Rosario,12,-3,0.0,37.7,37.4
13/8/2023,Mendoza,6,1,0.0,11.0,73.1
13/8/2023,Tucuman,7,5,0.0,21.9,84.8
14/8/2023,Buenos Aires,11,2,0.0,22.3,65.6
14/8/2023,Cordoba,2,-1,0.0,38.6,40.4
14/8/2023,Rosario,5,2,0.0,30.6,56.3
14/8/2023,Mendoza,3,0,88.4,35.1,87.6
14/8/2023,Tucuman,8,5,0.0,29.7,70.4
15/8/2023,Buenos Aires,4,-2,0.0,28.3,75.9
15/8/2023,Cordoba,13,-3,0.0,20.5,34.3
15/8/2023,Rosario,14,4,35.9,26.8,43.1
15/8/2023,Mendoza,6,2,0.0,29.3,41.9
15/8/2023,Tucuman,4,0,0.0,39.1,38.0
16/8/2023,Buenos Aires,5,2,0.0,37.8,56.3
16/8/2023,Cordoba,14,7,0.0,33.1,38.6
16/8/2023,Rosario,7,4,0.0,14.0,88.5
16/8/2023,Mendoza,11,6,0.0,18.9,67.1
16/8/2023,Tucuman,8,6,27.4,36.3,56.3
17/8/2023,Buenos Aires,16,-1,0.0,10.2,58.4
17/8/2023,Cordoba,13,8,0.0,37.4,69.7
17/8/2023,Rosario,11,7,0.0,33.6,30.4
17/8/2023,Mendoza,9,0,0.0,15.3,75.2
17/8/2023,Tucuman,9,-2,0.0,19.4,61.4
18/8/2023,Buenos Aires,9,-3,0.0,10.0,83.2
18/8/2023,Cordoba,3,0,0.0,23.7,34.3
18/8/2023,Rosario,9,0,86.6,39.8,40.8
18/8/2023,Mendoza,7,6,87.2,35.1,53.5
18/8/2023,Tucuman,8,6,84.7,23.9,72.8
19/8/2023,Buenos Aires,2,-2,0.0,36.0,59.1
19/8/2023,Cordoba,5,4,0.0,38.5,56.9
19/8/2023,Rosario,7,4,0.0,12.0,64.5
19/8/2023,Mendoza,4,2,0.0,25.6,69.9
19/8/2023,Tucuman,6,-1,0.0,19.7,82.8
20/8/2023,Buenos Aires,3,0,0.0,16.5,75.2
20/8/2023,Cordoba,13,7,0.0,33.6,36.7
20/8/2023,Rosario,3,0,0.0,23.7,53.6
20/8/2023,Mendoza,10,-2,0.0,18.5,33.8
20/8/2023,Tucuman,12,6,0.0,21.3,59.1
21/8/2023,Buenos Aires,4,1,0.0,23.9,64.5
21/8/2023,Cordoba,10,1,0.0,31.5,43.9
21/8/2023,Rosario,15,3,17.1,23.4,58.8
21/8/2023,Mendoza,12,0,0.0,13.9,45.8
21/8/2023,Tucuman,11,5,0.0,35.0,87.4
22/8/2023,Buenos Aires,8,0,0.0,32.1,58.6
22/8/2023,Cordoba,4,-3,0.0,28.0,60.8
22/8/2023,Rosario,11,7,0.2,20.3,53.9
22/8/2023,Mendoza,11,7,0.0,22.2,30.2
22/8/2023,Tucuman,15,-3,0.0,16.6,62.9
23/8/2023,Buenos Aires,2,-1,0.0,35.2,59.4
23/8/2023,Cordoba,9,-1,57.8,20.2,75.4
23/8/2023,Rosario,7,3,0.0,15.9,44.7
23/8/2023,Mendoza,16,-2,0.0,14.4,33.3
23/8/2023,Tucuman,13,7,0.0,21.7,43.8
24/8/2023,Buenos Aires,9,5,0.0,10.5,44.9
24/8/2023,Cordoba,9,2,79.4,36.1,39.4
24/8/2023,Rosario,12,8,87.6,21.6,59.9
24/8/2023,Mendoza,5,-1,0.0,31.2,66.8
24/8/2023,Tucuman,2,-2,71.8,30.3,72.8
25/8/2023,Buenos Aires,15,4,0.0,38.4,43.7
25/8/2023,Cordoba,12,-3,0.0,31.3,36.5
25/8/2023,Rosario,4,1,0.0,22.8,37.5
25/8/2023,Mendoza,12,-1,0.0,14.2,31.9
25/8/2023,Tucuman,5,1,0.0,30.6,54.3
26/8/2023,Buenos Aires,12,1,0.0,11.7,48.9
26/8/2023,Cordoba,9,1,0.0,11.3,54.8
26/8/2023,Rosario,8,0,0.0,38.5,67.3
26/8/2023,Mendoza,5,-2,79.8,28.8,79.8
26/8/2023,Tucuman,13,7,0.0,25.3,33.0
27/8/2023,Buenos Aires,13,0,79.2,11.0,86.5
27/8/2023,Cordoba,2,-2,0.0,34.1,42.4
27/8/2023,Rosario,6,3,0.0,31.0,57.7
27/8/2023,Mendoza,16,6,0.0,26.4,42.6
27/8/2023,Tucuman,11,6,0.0,15.2,78.5
28/8/2023,Buenos Aires,4,0,111.1,30.4,87.7
28/8/2023,Cordoba,9,-3,0.0,39.2,43.4
28/8/2023,Rosario,16,-1,0.0,27.3,39.5
28/8/2023,Mendoza,6,-3,0.0,28.4,86.3
28/8/2023,Tucuman,6,-1,0.0,37.7,89.5
29/8/2023,Buenos Aires,7,4,0.0,34.0,69.8
29/8/2023,Cordoba,12,8,60.4,24.5,61.6
29/8/2023,Rosario,12,3,0.0,27.5,80.6
29/8/2023,Mendoza,2,-1,0.0,34.5,51.2
29/8/2023,Tucuman,5,2,0.0,16.2,53.9
30/8/2023,Buenos Aires,7,4,61.9,28.9,52.2
30/8/2023,Cordoba,15,7,0.0,12.6,65.6
30/8/2023,Rosario,4,1,0.0,25.4,79.9
30/8/2023,Mendoza,16,3,0.0,19.4,89.0
30/8/2023,Tucuman,8,2,0.0,32.4,38.8
31/8/2023,Buenos Aires,15,8,0.0,39.6,37.4
31/8/2023,Cordoba,12,6,15.7,37.3,56.3
31/8/2023,Rosario,12,3,0.0,21.8,58.6
31/8/2023,Mendoza,16,-3,0.0,25.5,89.7
31/8/2023,Tucuman,12,8,0.0,11.2,34.3
1/9/2023,Buenos Aires,15,7,44.2,33.8,49.3
1/9/2023,Cordoba,19,17,0.0,37.3,47.8
1/9/2023,Rosario,19,8,0.0,38.7,55.8
1/9/2023,Mendoza,24,8,0.0,35.9,65.6
1/9/2023,Tucuman,18,6,0.0,33.5,55.3
2/9/2023,Buenos Aires,14,9,0.0,27.1,83.4
2/9/2023,Cordoba,12,7,0.0,18.2,51.0
2/9/2023,Rosario,17,14,85.3,37.8,78.9
2/9/2023,Mendoza,10,7,0.0,27.3,71.4
2/9/2023,Tucuman,19,17,0.0,14.4,40.3
3/9/2023,Buenos Aires,16,15,9.1,24.3,56.2
3/9/2023,Cordoba,12,6,16.1,25.3,49.4
3/9/2023,Rosario,11,8,93.6,39.1,37.4
3/9/2023,Mendoza,21,11,76.3,30.6,53.3
3/9/2023,Tucuman,9,5,0.1,19.8,74.8
4/9/2023,Buenos Aires,18,10,0.0,34.3,75.4
4/9/2023,Cordoba,20,5,0.0,27.0,50.8
4/9/2023,Rosario,9,6,102.0,34.0,38.5
4/9/2023,Mendoza,9,6,0.0,14.8,40.4
4/9/2023,Tucuman,19,8,89.3,31.1,40.1
5/9/2023,Buenos Aires,18,9,13.0,37.1,67.7
5/9/2023,Cordoba,21,13,11.7,39.0,30.8
5/9/2023,Rosario,23,5,0.0,22.9,31.0
5/9/2023,Mendoza,13,6,0.0,30.7,72.6
5/9/2023,Tucuman,23,16,74.7,32.4,43.7
6/9/2023,Buenos Aires,23,6,0.0,24.6,84.7
6/9/2023,Cordoba,14,9,0.0,33.8,30.4
6/9/2023,Rosario,21,11,0.0,18.4,36.6
6/9/2023,Mendoza,16,14,0.0,16.3,46.6
6/9/2023,Tucuman,24,7,0.0,31.5,75.6
7/9/2023,Buenos Aires,9,6,0.0,21.6,60.5
7/9/2023,Cordoba,23,17,0.0,19.5,78.4
7/9/2023,Rosario,21,7,22.9,22.4,53.8
7/9/2023,Mendoza,18,11,0.0,19.6,72.1
7/9/2023,Tucuman,22,15,0.0,13.6,85.7
8/9/2023,Buenos Aires,22,6,0.0,24.3,65.9
8/9/2023,Cordoba,11,8,99.0,38.2,73.7
8/9/2023,Rosario,19,14,0.0,39.7,64.2
8/9/2023,Mendoza,14,6,0.0,31.6,30.5
8/9/2023,Tucuman,19,14,85.8,11.3,36.2
9/9/2023,Buenos Aires,22,10,0.0,32.8,85.7
9/9/2023,Cordoba,15,13,75.2,18.9,60.0
9/9/2023,Rosario,12,9,0.0,22.5,33.0
9/9/2023,Mendoza,14,11,0.0,23.4,76.5
9/9/2023,Tucuman,22,15,0.0,39.4,74.3
10/9/2023,Buenos Aires,21,15,0.0,34.7,34.0
10/9/2023,Cordoba,18,10,74.9,34.7,42.1
10/9/2023,Rosario,13,10,59.0,27.6,38.2
10/9/2023,Mendoza,17,5,0.0,29.6,43.5
10/9/2023,Tucuman,17,14,0.0,10.8,75.6
11/9/2023,Buenos Aires,19,5,0.0,19.0,75.4
11/9/2023,Cordoba,21,12,0.0,28.2,43.2
11/9/2023,Rosario,18,7,0.0,34.6,37.1
11/9/2023,Mendoza,24,17,0.0,11.0,59.4
11/9/2023,Tucuman,19,14,0.0,12.0,70.6
12/9/2023,Buenos Aires,22,15,0.0,38.1,88.9
12/9/2023,Cordoba,9,6,0.0,38.1,31.0
12/9/2023,Rosario,14,5,0.0,13.7,74.8
12/9/2023,Mendoza,24,9,0.0,35.3,35.6
12/9/2023,Tucuman,14,11,53.0,10.0,36.9
13/9/2023,Buenos Aires,15,8,0.0,37.5,55.5
13/9/2023,Cordoba,19,9,0.0,29.2,33.5
13/9/2023,Rosario,12,7,51.8,14.0,42.5
13/9/2023,Mendoza,10,7,0.0,24.3,64.4
13/9/2023,Tucuman,22,15,0.0,11.8,58.5
14/9/2023,Buenos Aires,15,12,0.0,25.0,85.1
14/9/2023,Cordoba,11,6,0.0,14.5,40.3
14/9/2023,Rosario,23,7,0.0,35.7,89.2
14/9/2023,Mendoza,23,6,0.0,20.5,34.8
14/9/2023,Tucuman,20,13,0.0,10.9,42.0
15/9/2023,Buenos Aires,18,16,0.0,14.5,35.9
15/9/2023,Cordoba,9,6,0.0,28.6,46.9
15/9/2023,Rosario,24,14,12.9,30.4,87.2
15/9/2023,Mendoza,13,10,50.5,30.6,38.8
15/9/2023,Tucuman,11,5,0.0,24.3,63.2
16/9/2023,Buenos Aires,12,9,0.0,11.4,88.9
16/9/2023,Cordoba,22,17,0.0,33.4,53.9
16/9/2023,Rosario,12,9,0.0,32.8,44.1
16/9/2023,Mendoza,23,12,0.0,36.3,31.6
16/9/2023,Tucuman,20,13,54.6,23.5,37.6
17/9/2023,Buenos Aires,17,11,0.0,23.9,42.3
17/9/2023,Cordoba,19,15,0.0,19.5,68.4
17/9/2023,Rosario,12,9,0.0,23.9,32.4
17/9/2023,Mendoza,11,8,0.0,29.1,54.1
17/9/2023,Tucuman,17,15,0.0,18.9,67.5
18/9/2023,Buenos Aires,24,11,0.0,19.6,53.3
18/9/2023,Cordoba,18,6,0.0,12.6,68.7
18/9/2023,Rosario,17,10,93.6,19.0,40.5
18/9/2023,Mendoza,22,10,40.1,12.4,75.9
18/9/2023,Tucuman,12,5,0.0,31.0,62.7
19/9/2023,Buenos Aires,11,8,110.4,35.4,83.8
19/9/2023,Cordoba,23,13,0.0,24.7,36.3
19/9/2023,Rosario,20,14,0.0,25.2,69.6
19/9/2023,Mendoza,15,12,0.0,21.3,78.9
19/9/2023,Tucuman,15,12,74.2,36.6,61.1
20/9/2023,Buenos Aires,11,9,28.9,39.2,72.1
20/9/2023,Cordoba,11,8,0.0,21.1,49.8
20/9/2023,Rosario,13,10,0.0,11.9,51.7
20/9/2023,Mendoza,11,8,0.0,10.4,55.6
20/9/2023,Tucuman,10,6,0.0,29.2,69.0
21/9/2023,Buenos Aires,11,8,0.0,25.7,58.0
21/9/2023,Cordoba,13,10,46.7,28.7,34.3
21/9/2023,Rosario,24,9,0.0,28.8,30.0
21/9/2023,Mendoza,23,14,0.0,38.2,88.0
21/9/2023,Tucuman,19,5,0.0,35.7,54.9
22/9/2023,Buenos Aires,9,6,0.0,24.0,48.9
22/9/2023,Cordoba,13,10,0.0,38.5,33.3
22/9/2023,Rosario,10,7,0.0,20.5,69.8
22/9/2023,Mendoza,24,17,0.0,21.3,79.2
22/9/2023,Tucuman,24,9,11.3,25.6,45.6
23/9/2023,Buenos Aires,14,7,0.0,13.2,82.4
23/9/2023,Cordoba,13,10,0.0,30.8,61.3
23/9/2023,Rosario,18,13,0.0,39.9,64.1
23/9/2023,Mendoza,12,8,0.0,35.2,53.4
23/9/2023,Tucuman,10,7,0.0,15.9,78.6
24/9/2023,Buenos Aires,24,8,0.0,21.3,75.7
24/9/2023,Cordoba,20,14,0.0,26.5,41.3
24/9/2023,Rosario,23,9,82.8,38.2,78.1
24/9/2023,Mendoza,24,13,0.0,31.1,42.4
24/9/2023,Tucuman,17,9,0.0,35.6,70.1
25/9/2023,Buenos Aires,17,12,0.0,33.1,54.8
25/9/2023,Cordoba,20,7,0.0,15.0,44.5
25/9/2023,Rosario,24,13,0.0,19.5,87.6
25/9/2023,Mendoza,22,11,0.0,31.9,33.5
25/9/2023,Tucuman,21,8,0.0,36.9,88.7
26/9/2023,Buenos Aires,15,12,0.0,18.2,62.0
26/9/2023,Cordoba,17,8,0.0,23.3,60.3
26/9/2023,Rosario,13,6,0.0,19.9,34.2
26/9/2023,Mendoza,11,8,0.0,22.9,52.8
26/9/2023,Tucuman,15,8,0.0,12.3,85.5
27/9/2023,Buenos Aires,15,5,0.0,29.3,80.4
27/9/2023,Cordoba,16,5,0.0,14.0,81.3
27/9/2023,Rosario,20,12,0.0,31.9,77.1
27/9/2023,Mendoza,15,5,0.0,17.8,53.4
27/9/2023,Tucuman,18,9,0.0,29.1,85.6
28/9/2023,Buenos Aires,18,12,0.0,22.1,62.4
28/9/2023,Cordoba,12,9,0.0,29.4,57.3
28/9/2023,Rosario,23,8,31.9,35.8,30.9
28/9/2023,Mendoza,19,14,0.0,20.1,74.8
28/9/2023,Tucuman,11,9,0.0,31.4,84.2
29/9/2023,Buenos Aires,10,7,15.9,24.7,54.5
29/9/2023,Cordoba,18,14,0.0,26.9,75.7
29/9/2023,Rosario,22,6,0.0,24.4,33.7
29/9/2023,Mendoza,18,9,0.0,15.2,33.7
29/9/2023,Tucuman,11,8,0.0,11.3,48.9
30/9/2023,Buenos Aires,22,12,84.8,25.6,86.6
30/9/2023,Cordoba,19,12,0.0,17.8,46.4
30/9/2023,Rosario,21,7,0.0,10.9,44.6
30/9/2023,Mendoza,22,17,73.2,27.8,56.6
30/9/2023,Tucuman,19,16,0.0,37.2,78.7
1/10/2023,Buenos Aires,21,5,0.0,30.6,52.5
1/10/2023,Cordoba,17,10,0.0,17.8,65.2
1/10/2023,Rosario,20,7,52.7,39.2,31.1
1/10/2023,Mendoza,9,6,0.0,27.5,70.4
1/10/2023,Tucuman,24,14,0.0,23.9,50.1
2/10/2023,Buenos Aires,12,9,37.4,29.3,80.8
2/10/2023,Cordoba,21,9,0.0,14.4,65.2
2/10/2023,Rosario,16,15,0.0,22.4,86.3
2/10/2023,Mendoza,21,17,0.0,22.9,58.2
2/10/2023,Tucuman,22,16,0.0,17.6,83.8
3/10/2023,Buenos Aires,14,11,0.0,20.8,42.3
3/10/2023,Cordoba,10,7,0.0,13.8,52.3
3/10/2023,Rosario,13,5,0.0,23.1,72.1
3/10/2023,Mendoza,20,16,0.0,24.3,51.6
3/10/2023,Tucuman,20,6,0.0,31.7,39.2
4/10/2023,Buenos Aires,10,6,0.0,39.1,46.9
4/10/2023,Cordoba,16,13,0.0,35.4,34.9
4/10/2023,Rosario,14,11,0.0,32.3,63.4
4/10/2023,Mendoza,17,12,75.4,22.6,53.3
4/10/2023,Tucuman,16,6,0.0,26.6,76.9
5/10/2023,Buenos Aires,20,12,0.0,34.6,54.2
5/10/2023,Cordoba,17,10,0.0,26.9,51.7
5/10/2023,Rosario,19,9,0.0,26.3,79.2
5/10/2023,Mendoza,11,8,0.0,15.0,32.1
5/10/2023,Tucuman,17,16,0.0,22.5,66.5
6/10/2023,Buenos Aires,16,13,0.0,35.7,72.6
6/10/2023,Cordoba,23,15,0.0,23.5,52.2
6/10/2023,Rosario,13,11,16.0,24.3,41.0
6/10/2023,Mendoza,9,6,0.0,23.4,74.7
6/10/2023,Tucuman,15,5,0.0,39.2,34.9
7/10/2023,Buenos Aires,22,11,0.0,28.6,30.8
7/10/2023,Cordoba,13,10,0.0,28.3,86.5
7/10/2023,Rosario,24,13,0.0,18.1,71.7
7/10/2023,Mendoza,15,12,0.0,24.8,80.5
7/10/2023,Tucuman,10,5,96.3,11.4,76.2
8/10/2023,Buenos Aires,14,9,0.0,18.8,69.5
8/10/2023,Cordoba,14,10,0.0,22.6,58.6
8/10/2023,Rosario,12,9,0.0,32.9,73.3
8/10/2023,Mendoza,19,16,10.6,20.2,31.2
8/10/2023,Tucuman,15,8,0.0,35.8,83.3
9/10/2023,Buenos Aires,11,8,0.0,22.1,85.5
9/10/2023,Cordoba,13,6,0.0,23.1,81.8
9/10/2023,Rosario,9,6,31.4,13.5,78.1
9/10/2023,Mendoza,17,6,84.0,15.5,67.1
9/10/2023,Tucuman,23,14,0.0,28.1,89.4
10/10/2023,Buenos Aires,18,16,68.1,20.6,42.1
10/10/2023,Cordoba,17,10,0.0,35.7,66.5
10/10/2023,Rosario,9,6,0.0,21.1,85.3
10/10/2023,Mendoza,15,8,0.0,22.8,47.8
10/10/2023,Tucuman,21,10,0.0,15.7,47.6
11/10/2023,Buenos Aires,23,5,0.0,15.2,74.6
11/10/2023,Cordoba,14,11,0.0,35.1,70.7
11/10/2023,Rosario,23,16,0.0,27.0,77.4
11/10/2023,Mendoza,12,8,0.0,29.0,61.5
11/10/2023,Tucuman,20,6,0.0,13.5,60.6
12/10/2023,Buenos Aires,12,9,0.0,10.4,58.7
12/10/2023,Cordoba,11,8,0.0,11.4,38.9
12/10/2023,Rosario,18,14,0.0,35.2,40.5
12/10/2023,Mendoza,22,15,0.0,32.3,61.3
12/10/2023,Tucuman,21,7,0.0,32.5,46.2
13/10/2023,Buenos Aires,14,11,12.4,31.0,53.0
13/10/2023,Cordoba,17,14,0.0,25.9,46.0
13/10/2023,Rosario,15,13,0.0,27.5,76.2
13/10/2023,Mendoza,21,8,0.0,21.8,57.7
13/10/2023,Tucuman,17,13,0.0,37.9,59.1
14/10/2023,Buenos Aires,12,9,0.0,19.1,89.0
14/10/2023,Cordoba,14,11,0.0,30.5,38.8
14/10/2023,Rosario,12,11,0.0,34.1,73.1
14/10/2023,Mendoza,20,12,0.0,29.6,52.3
14/10/2023,Tucuman,11,8,0.0,37.2,59.0
15/10/2023,Buenos Aires,15,7,0.0,26.8,71.4
15/10/2023,Cordoba,21,6,17.3,31.8,57.3
15/10/2023,Rosario,24,15,3.6,11.4,76.3
15/10/2023,Mendoza,20,6,0.0,39.2,84.6
15/10/2023,Tucuman,19,14,0.0,36.2,51.8
16/10/2023,Buenos Aires,19,17,0.0,12.1,52.6
16/10/2023,Cordoba,14,6,0.0,28.0,31.8
16/10/2023,Rosario,20,5,0.0,36.0,48.0
16/10/2023,Mendoza,11,8,0.0,25.5,80.0
16/10/2023,Tucuman,18,17,0.0,28.3,83.8
17/10/2023,Buenos Aires,12,6,0.0,38.9,59.0
17/10/2023,Cordoba,12,9,0.0,22.4,35.6
17/10/2023,Rosario,15,12,0.0,10.4,30.6
17/10/2023,Mendoza,13,10,0.0,24.6,61.1
17/10/2023,Tucuman,22,13,0.0,15.6,87.3
18/10/2023,Buenos Aires,14,7,0.0,33.3,67.2
18/10/2023,Cordoba,16,5,0.0,30.9,86.4
18/10/2023,Rosario,22,5,0.0,33.1,46.0
18/10/2023,Mendoza,23,8,0.0,24.8,38.9
18/10/2023,Tucuman,20,9,0.0,35.7,74.1
19/10/2023,Buenos Aires,12,9,0.0,34.3,77.9
19/10/2023,Cordoba,19,6,0.0,32.0,58.1
19/10/2023,Rosario,13,10,49.9,11.9,39.6
19/10/2023,Mendoza,21,5,0.0,12.3,68.0
19/10/2023,Tucuman,22,10,0.0,31.3,84.9
20/10/2023,Buenos Aires,23,5,112.4,12.1,44.0
20/10/2023,Cordoba,12,9,0.0,18.5,39.2
20/10/2023,Rosario,10,6,26.6,32.8,53.2
20/10/2023,Mendoza,21,14,0.0,22.2,34.3
20/10/2023,Tucuman,24,15,0.0,28.5,40.9
21/10/2023,Buenos Aires,24,11,0.0,33.7,40.1
21/10/2023,Cordoba,13,10,0.0,29.2,39.4
21/10/2023,Rosario,18,11,6.3,26.5,31.9
21/10/2023,Mendoza,16,6,0.0,37.3,64.1
21/10/2023,Tucuman,10,7,0.0,31.6,54.7
22/10/2023,Buenos Aires,21,5,0.0,19.8,73.5
22/10/2023,Cordoba,15,6,0.0,21.0,68.7
22/10/2023,Rosario,14,13,0.0,17.5,39.0
22/10/2023,Mendoza,21,14,0.0,11.9,79.6
22/10/2023,Tucuman,24,12,0.0,36.8,77.5
23/10/2023,Buenos Aires,16,13,0.0,31.3,70.9
23/10/2023,Cordoba,20,15,0.0,30.6,53.1
23/10/2023,Rosario,18,15,0.0,11.7,51.8
23/10/2023,Mendoza,23,14,27.5,17.0,71.1
23/10/2023,Tucuman,24,10,0.0,23.1,75.9
24/10/2023,Buenos Aires,16,6,0.0,10.6,33.9
24/10/2023,Cordoba,20,13,0.0,29.5,82.3
24/10/2023,Rosario,12,9,0.0,30.6,48.1
24/10/2023,Mendoza,9,6,0.0,36.5,40.6
24/10/2023,Tucuman,14,12,0.0,23.2,52.6
25/10/2023,Buenos Aires,23,12,0.0,24.6,44.9
25/10/2023,Cordoba,15,12,0.0,37.0,84.3
25/10/2023,Rosario,22,12,0.0,20.8,37.2
25/10/2023,Mendoza,12,6,0.0,38.5,62.9
25/10/2023,Tucuman,12,8,0.0,39.9,76.7
26/10/2023,Buenos Aires,9,6,0.0,11.6,32.8
26/10/2023,Cordoba,13,10,0.0,37.3,88.1
26/10/2023,Rosario,22,8,0.0,36.3,83.3
26/10/2023,Mendoza,16,8,0.0,20.3,53.9
26/10/2023,Tucuman,14,11,0.0,24.4,75.9
27/10/2023,Buenos Aires,15,14,0.0,14.7,85.3
27/10/2023,Cordoba,18,14,0.0,20.9,71.8
27/10/2023,Rosario,18,12,0.0,13.4,58.3
27/10/2023,Mendoza,20,14,0.0,18.0,85.9
27/10/2023,Tucuman,14,8,0.0,32.7,85.9
28/10/2023,Buenos Aires,20,8,0.0,12.0,86.5
28/10/2023,Cordoba,24,15,0.0,24.6,73.1
28/10/2023,Rosario,12,11,0.0,21.3,32.0
28/10/2023,Mendoza,20,6,0.0,31.0,86.4
28/10/2023,Tucuman,14,9,0.0,18.4,82.2
29/10/2023,Buenos Aires,9,6,0.0,13.2,60.1
29/10/2023,Cordoba,12,6,0.0,16.8,84.5
29/10/2023,Rosario,18,6,0.0,38.3,46.4
29/10/2023,Mendoza,24,12,93.6,28.6,78.7
29/10/2023,Tucuman,13,6,16.9,14.6,60.3
30/10/2023,Buenos Aires,20,15,0.0,35.3,59.8
30/10/2023,Cordoba,20,7,0.0,32.8,83.9
30/10/2023,Rosario,13,9,0.0,15.3,81.9
30/10/2023,Mendoza,18,17,0.0,29.5,67.5
30/10/2023,Tucuman,11,8,0.0,13.5,87.7
31/10/2023,Buenos Aires,9,6,0.0,18.2,61.0
31/10/2023,Cordoba,22,16,0.0,10.1,31.5
31/10/2023,Rosario,17,14,106.7,10.2,69.3
31/10/2023,Mendoza,24,12,0.0,26.5,48.4
31/10/2023,Tucuman,19,17,0.0,24.9,34.4
1/11/2023,Buenos Aires,12,9,0.0,21.4,77.1
1/11/2023,Cordoba,12,7,0.0,30.0,55.3
1/11/2023,Rosario,22,11,33.1,27.7,30.3
1/11/2023,Mendoza,17,7,0.0,37.2,83.2
1/11/2023,Tucuman,20,16,0.0,14.0,80.1
2/11/2023,Buenos Aires,22,15,0.0,10.3,39.2
2/11/2023,Cordoba,16,13,0.0,27.8,30.6
2/11/2023,Rosario,22,6,10.5,17.0,83.9
2/11/2023,Mendoza,9,6,109.3,27.3,87.9
2/11/2023,Tucuman,19,8,0.0,39.8,74.0
3/11/2023,Buenos Aires,24,13,0.0,39.7,62.2
3/11/2023,Cordoba,23,8,0.0,15.8,47.0
3/11/2023,Rosario,17,13,0.0,23.3,57.0
3/11/2023,Mendoza,22,13,0.0,24.3,64.2
3/11/2023,Tucuman,11,8,0.0,10.0,53.9
4/11/2023,Buenos Aires,11,6,0.0,27.8,62.8
4/11/2023,Cordoba,15,9,0.0,14.0,76.1
4/11/2023,Rosario,12,10,0.0,26.1,77.3
4/11/2023,Mendoza,19,12,0.0,37.1,42.6
4/11/2023,Tucuman,18,6,0.0,39.9,53.5
5/11/2023,Buenos Aires,11,9,0.0,14.4,73.7
5/11/2023,Cordoba,9,5,0.0,13.7,89.1
5/11/2023,Rosario,14,13,0.0,37.7,59.0
5/11/2023,Mendoza,11,8,0.0,39.1,52.7
5/11/2023,Tucuman,20,6,0.0,19.8,58.4
6/11/2023,Buenos Aires,13,10,0.0,32.0,87.6
6/11/2023,Cordoba,14,11,0.0,31.1,44.7
6/11/2023,Rosario,19,17,0.0,35.9,88.1
6/11/2023,Mendoza,13,12,0.0,17.6,52.6
6/11/2023,Tucuman,11,8,0.0,11.3,53.6
7/11/2023,Buenos Aires,21,11,0.0,27.4,36.7
7/11/2023,Cordoba,13,6,0.0,28.3,41.9
7/11/2023,Rosario,12,11,95.9,36.7,83.7
7/11/2023,Mendoza,10,7,0.0,33.0,44.6
7/11/2023,Tucuman,24,6,0.0,13.1,80.5
8/11/2023,Buenos Aires,11,8,0.0,20.5,81.0
8/11/2023,Cordoba,15,5,0.0,14.9,83.2
8/11/2023,Rosario,10,7,81.4,32.3,56.5
8/11/2023,Mendoza,16,7,7.0,13.0,46.2
8/11/2023,Tucuman,18,5,0.0,11.4,39.0
9/11/2023,Buenos Aires,14,5,0.0,16.2,55.0
9/11/2023,Cordoba,23,16,0.0,22.5,69.1
9/11/2023,Rosario,21,16,0.0,23.8,73.0
9/11/2023,Mendoza,10,7,0.0,32.4,40.3
9/11/2023,Tucuman,13,10,0.0,35.7,50.5
10/11/2023,Buenos Aires,15,12,0.0,14.0,59.9
10/11/2023,Cordoba,18,14,0.0,19.0,74.8
10/11/2023,Rosario,14,11,0.0,36.1,75.8
10/11/2023,Mendoza,23,15,0.0,26.5,60.5
10/11/2023,Tucuman,23,14,0.0,17.4,72.4
11/11/2023,Buenos Aires,23,11,16.7,36.3,78.9
11/11/2023,Cordoba,23,12,115.1,10.5,37.3
11/11/2023,Rosario,12,9,0.0,22.6,42.3
11/11/2023,Mendoza,23,11,0.0,25.4,64.0
11/11/2023,Tucuman,19,11,0.0,21.2,40.2
12/11/2023,Buenos Aires,18,9,0.0,24.7,38.5
12/11/2023,Cordoba,22,14,0.0,30.4,86.5
12/11/2023,Rosario,18,10,0.0,25.1,57.5
12/11/2023,Mendoza,12,9,8.4,17.7,52.4
12/11/2023,Tucuman,20,7,0.0,37.5,44.8
13/11/2023,Buenos Aires,13,7,0.0,17.2,80.6
13/11/2023,Cordoba,9,6,34.3,22.6,57.9
13/11/2023,Rosario,21,14,0.0,22.6,31.2
13/11/2023,Mendoza,9,6,3.6,12.8,57.1
13/11/2023,Tucuman,10,5,0.0,34.7,32.7
14/11/2023,Buenos Aires,17,11,0.0,10.4,54.9
14/11/2023,Cordoba,15,10,0.0,15.5,66.7
14/11/2023,Rosario,14,7,0.0,17.1,39.0
14/11/2023,Mendoza,18,11,0.0,24.1,66.7
14/11/2023,Tucuman,23,16,67.9,37.0,75.5
15/11/2023,Buenos Aires,24,5,26.7,35.8,77.2
15/11/2023,Cordoba,21,11,110.0,35.4,54.3
15/11/2023,Rosario,22,5,0.0,19.0,82.9
15/11/2023,Mendoza,20,7,0.0,27.5,46.7
15/11/2023,Tucuman,19,7,70.0,28.6,43.2
16/11/2023,Buenos Aires,9,6,92.3,10.7,89.6
16/11/2023,Cordoba,13,9,0.0,11.5,64.7
16/11/2023,Rosario,14,11,0.0,18.0,84.9
16/11/2023,Mendoza,24,10,0.0,14.4,43.1
16/11/2023,Tucuman,18,17,0.0,37.3,38.6
17/11/2023,Buenos Aires,19,15,0.0,26.4,40.5
17/11/2023,Cordoba,15,13,0.0,20.0,35.9
17/11/2023,Rosario,19,8,39.8,15.6,61.4
17/11/2023,Mendoza,20,9,0.0,32.6,64.0
17/11/2023,Tucuman,16,7,0.0,38.6,76.6
18/11/2023,Buenos Aires,19,14,0.0,38.3,38.5
18/11/2023,Cordoba,19,9,0.0,35.2,64.2
18/11/2023,Rosario,15,12,0.0,22.3,63.6
18/11/2023,Mendoza,16,13,0.0,18.1,63.4
18/11/2023,Tucuman,12,10,0.0,15.1,59.8
19/11/2023,Buenos Aires,11,9,0.0,39.0,35.9
19/11/2023,Cordoba,20,14,0.0,12.7,50.2
19/11/2023,Rosario,20,16,0.0,26.6,85.9
19/11/2023,Mendoza,18,6,0.0,26.1,69.0
19/11/2023,Tucuman,19,13,110.5,32.7,61.5
20/11/2023,Buenos Aires,23,7,0.0,11.1,58.7
20/11/2023,Cordoba,10,7,17.2,36.7,46.1
20/11/2023,Rosario,12,9,0.0,36.9,33.4
20/11/2023,Mendoza,17,8,0.0,15.1,60.8
20/11/2023,Tucuman,22,17,0.0,17.7,71.0
21/11/2023,Buenos Aires,21,7,0.0,21.7,77.1
21/11/2023,Cordoba,16,10,0.0,24.6,39.4
21/11/2023,Rosario,24,10,0.0,35.8,79.9
21/11/2023,Mendoza,15,8,106.4,27.2,38.9
21/11/2023,Tucuman,17,9,0.0,10.7,57.6
22/11/2023,Buenos Aires,12,9,0.0,36.5,78.7
22/11/2023,Cordoba,9,6,15.7,21.1,66.2
22/11/2023,Rosario,13,8,109.9,37.9,63.8
22/11/2023,Mendoza,14,10,0.0,23.2,50.7
22/11/2023,Tucuman,21,11,0.0,14.7,62.4
23/11/2023,Buenos Aires,10,7,75.0,37.6,52.0
23/11/2023,Cordoba,22,15,63.3,19.0,35.3
23/11/2023,Rosario,23,11,52.9,22.3,64.4
23/11/2023,Mendoza,21,6,0.0,34.2,42.0
23/11/2023,Tucuman,18,16,46.2,22.0,75.5
24/11/2023,Buenos Aires,14,13,114.5,27.4,30.9
24/11/2023,Cordoba,13,10,0.0,31.6,35.8
24/11/2023,Rosario,11,8,0.0,26.8,63.1
24/11/2023,Mendoza,9,6,113.6,15.9,82.1
24/11/2023,Tucuman,17,5,0.0,25.0,74.4
25/11/2023,Buenos Aires,16,13,0.0,28.5,51.0
25/11/2023,Cordoba,21,9,27.7,33.9,81.3
25/11/2023,Rosario,15,10,0.0,10.2,85.2
25/11/2023,Mendoza,9,6,8.9,14.4,80.6
25/11/2023,Tucuman,14,12,0.0,29.7,36.5
26/11/2023,Buenos Aires,9,6,52.8,33.9,32.3
26/11/2023,Cordoba,23,8,0.0,12.0,55.2
26/11/2023,Rosario,19,16,46.1,26.5,57.8
26/11/2023,Mendoza,16,15,0.0,39.3,59.7
26/11/2023,Tucuman,18,13,27.8,36.4,38.5
27/11/2023,Buenos Aires,21,6,68.2,26.9,42.7
27/11/2023,Cordoba,22,13,0.0,18.4,41.2
27/11/2023,Rosario,22,15,0.0,32.2,72.7
27/11/2023,Mendoza,19,17,70.7,16.7,57.2
27/11/2023,Tucuman,21,16,0.0,38.3,66.0
28/11/2023,Buenos Aires,14,10,0.0,22.2,38.8
28/11/2023,Cordoba,21,13,0.0,11.2,81.5
28/11/2023,Rosario,17,5,0.0,13.8,81.9
28/11/2023,Mendoza,17,6,0.0,15.8,79.9
28/11/2023,Tucuman,15,12,0.0,39.2,31.9
29/11/2023,Buenos Aires,13,8,0.0,23.7,43.3
29/11/2023,Cordoba,17,14,85.1,22.3,79.0
29/11/2023,Rosario,23,7,63.1,16.7,52.6
29/11/2023,Mendoza,24,11,57.4,26.4,89.5
29/11/2023,Tucuman,21,8,0.0,25.8,89.5
30/11/2023,Buenos Aires,23,17,0.0,32.1,63.0
30/11/2023,Cordoba,10,7,2.9,32.4,40.8
30/11/2023,Rosario,24,5,1.4,24.6,52.3
30/11/2023,Mendoza,20,7,0.0,33.1,36.7
30/11/2023,Tucuman,21,14,0.0,34.7,48.5
1/12/2023,Buenos Aires,14,11,18.7,25.0,85.5
1/12/2023,Cordoba,16,9,0.0,36.2,58.5
1/12/2023,Rosario,19,9,36.6,10.8,46.8
1/12/2023,Mendoza,13,5,0.0,33.4,89.1
1/12/2023,Tucuman,21,8,0.0,14.2,53.2
2/12/2023,Buenos Aires,14,12,0.0,37.4,78.3
2/12/2023,Cordoba,22,7,0.0,30.2,88.3
2/12/2023,Rosario,21,13,0.0,22.1,62.7
2/12/2023,Mendoza,20,12,0.0,12.2,62.9
2/12/2023,Tucuman,10,7,94.7,15.0,46.7
3/12/2023,Buenos Aires,18,10,0.0,37.7,41.9
3/12/2023,Cordoba,16,12,0.0,23.8,79.0
3/12/2023,Rosario,17,13,0.0,26.4,47.6
3/12/2023,Mendoza,16,13,0.0,26.4,41.1
3/12/2023,Tucuman,20,9,0.0,15.7,47.7
4/12/2023,Buenos Aires,23,9,0.0,12.0,39.0
4/12/2023,Cordoba,15,10,0.0,19.0,60.3
4/12/2023,Rosario,12,9,20.7,31.3,84.3
4/12/2023,Mendoza,19,9,0.0,21.7,80.3
4/12/2023,Tucuman,18,12,100.4,36.3,52.9
5/12/2023,Buenos Aires,12,9,0.0,18.6,66.6
5/12/2023,Cordoba,12,9,0.0,32.1,45.6
5/12/2023,Rosario,22,16,0.0,17.3,45.1
5/12/2023,Mendoza,16,8,0.0,39.3,34.7
5/12/2023,Tucuman,18,9,0.0,15.1,54.9
6/12/2023,Buenos Aires,14,11,59.7,10.9,58.0
6/12/2023,Cordoba,16,14,0.0,22.0,35.7
6/12/2023,Rosario,10,5,0.0,27.9,82.3
6/12/2023,Mendoza,18,10,0.0,21.1,52.5
6/12/2023,Tucuman,20,7,0.0,21.2,88.9
7/12/2023,Buenos Aires,12,9,0.0,12.0,50.6
7/12/2023,Cordoba,10,7,0.0,26.4,77.2
7/12/2023,Rosario,15,11,0.0,18.2,43.8
7/12/2023,Mendoza,20,16,0.0,20.5,83.8
7/12/2023,Tucuman,23,15,0.0,25.9,58.5
8/12/2023,Buenos Aires,21,17,101.3,36.3,76.6
8/12/2023,Cordoba,11,7,0.0,18.8,30.1
8/12/2023,Rosario,13,8,0.0,12.7,55.6
8/12/2023,Mendoza,11,8,79.5,33.8,36.1
8/12/2023,Tucuman,18,14,0.0,15.2,63.5
9/12/2023,Buenos Aires,18,11,0.0,37.6,36.8
9/12/2023,Cordoba,9,7,0.0,32.0,81.1
9/12/2023,Rosario,11,8,0.0,10.4,74.6
9/12/2023,Mendoza,16,12,0.0,24.2,51.4
9/12/2023,Tucuman,24,6,0.0,10.6,38.7
10/12/2023,Buenos Aires,15,10,98.8,20.0,59.1
10/12/2023,Cordoba,15,12,0.0,34.8,54.0
10/12/2023,Rosario,15,9,0.0,11.2,44.8
10/12/2023,Mendoza,19,6,0.0,22.1,45.6
10/12/2023,Tucuman,15,12,56.7,20.4,54.5
11/12/2023,Buenos Aires,13,5,68.5,29.5,69.8
11/12/2023,Cordoba,13,9,45.1,13.7,82.3
11/12/2023,Rosario,24,14,0.0,12.3,45.2
11/12/2023,Mendoza,15,5,0.0,31.2,33.1
11/12/2023,Tucuman,14,9,0.0,25.9,88.2
12/12/2023,Buenos Aires,18,11,0.0,29.2,42.1
12/12/2023,Cordoba,21,15,0.0,29.1,35.6
12/12/2023,Rosario,20,5,0.0,17.0,83.8
12/12/2023,Mendoza,16,13,0.0,22.3,44.4
12/12/2023,Tucuman,20,5,85.5,31.1,55.3
13/12/2023,Buenos Aires,10,9,0.0,11.8,43.4
13/12/2023,Cordoba,18,8,0.0,18.7,50.1
13/12/2023,Rosario,21,14,0.0,14.8,59.6
13/12/2023,Mendoza,23,8,0.0,26.4,33.0
13/12/2023,Tucuman,13,10,0.0,33.5,43.0
14/12/2023,Buenos Aires,19,11,0.0,11.3,55.4
14/12/2023,Cordoba,12,8,0.0,27.6,88.3
14/12/2023,Rosario,10,7,0.0,15.4,50.5
14/12/2023,Mendoza,23,16,0.0,21.5,70.2
14/12/2023,Tucuman,16,11,0.0,12.5,37.4
15/12/2023,Buenos Aires,10,7,54.4,27.5,88.6
15/12/2023,Cordoba,14,12,0.0,26.0,80.8
15/12/2023,Rosario,15,8,0.0,13.3,74.2
15/12/2023,Mendoza,17,14,0.0,39.8,53.5
15/12/2023,Tucuman,14,11,0.0,22.3,31.8
16/12/2023,Buenos Aires,10,7,69.5,27.3,40.3
16/12/2023,Cordoba,24,10,0.0,23.0,88.6
16/12/2023,Rosario,11,8,0.0,12.2,37.2
16/12/2023,Mendoza,19,9,41.5,37.0,85.4
16/12/2023,Tucuman,24,16,0.0,34.2,64.6
17/12/2023,Buenos Aires,13,8,0.0,10.9,78.7
17/12/2023,Cordoba,12,5,0.0,13.1,34.0
17/12/2023,Rosario,19,14,0.0,29.3,59.8
17/12/2023,Mendoza,11,5,0.0,27.4,80.1
17/12/2023,Tucuman,15,10,50.7,32.0,80.7
18/12/2023,Buenos Aires,12,7,0.0,12.2,72.7
18/12/2023,Cordoba,13,6,0.0,21.8,48.4
18/12/2023,Rosario,17,6,0.0,33.8,44.9
18/12/2023,Mendoza,12,11,0.0,29.4,61.0
18/12/2023,Tucuman,21,12,0.0,13.0,56.9
19/12/2023,Buenos Aires,22,6,0.0,20.7,34.8
19/12/2023,Cordoba,23,11,0.0,30.3,37.1
19/12/2023,Rosario,11,8,0.0,32.2,44.2
19/12/2023,Mendoza,9,6,0.0,20.9,60.6
19/12/2023,Tucuman,10,7,0.0,13.9,33.6
20/12/2023,Buenos Aires,16,13,0.0,13.5,63.3
20/12/2023,Cordoba,18,16,0.0,31.8,50.4
20/12/2023,Rosario,21,17,0.0,17.8,67.9
20/12/2023,Mendoza,21,5,0.0,20.5,48.7
20/12/2023,Tucuman,9,7,0.0,38.3,52.5
21/12/2023,Buenos Aires,20,17,0.0,18.1,72.2
21/12/2023,Cordoba,24,12,0.0,16.6,86.9
21/12/2023,Rosario,22,8,0.0,23.7,30.0
21/12/2023,Mendoza,22,8,105.8,38.1,48.8
21/12/2023,Tucuman,13,11,0.0,15.0,43.8
22/12/2023,Buenos Aires,16,9,0.0,29.5,68.5
22/12/2023,Cordoba,20,14,0.0,33.7,43.7
22/12/2023,Rosario,12,5,0.0,11.9,74.8
22/12/2023,Mendoza,14,11,0.0,37.2,71.1
22/12/2023,Tucuman,16,8,0.0,16.7,59.0
23/12/2023,Buenos Aires,15,11,0.0,12.9,73.7
23/12/2023,Cordoba,23,15,0.0,12.0,47.0
23/12/2023,Rosario,12,9,21.7,22.6,53.2
23/12/2023,Mendoza,15,14,0.0,19.0,35.9
23/12/2023,Tucuman,11,10,0.0,17.1,43.4
24/12/2023,Buenos Aires,19,14,0.0,31.9,46.1
24/12/2023,Cordoba,17,10,0.0,19.0,58.0
24/12/2023,Rosario,14,11,0.0,37.2,48.8
24/12/2023,Mendoza,23,6,0.0,12.8,44.0
24/12/2023,Tucuman,17,13,0.0,18.2,86.6
25/12/2023,Buenos Aires,14,7,0.0,21.2,57.6
25/12/2023,Cordoba,11,10,22.2,30.7,38.0
25/12/2023,Rosario,23,17,0.0,23.2,51.7
25/12/2023,Mendoza,9,6,0.0,17.5,47.6
25/12/2023,Tucuman,14,11,0.0,19.8,68.7
26/12/2023,Buenos Aires,24,14,26.5,33.9,49.7
26/12/2023,Cordoba,18,12,0.0,29.8,70.3
26/12/2023,Rosario,21,10,0.0,34.4,66.1
26/12/2023,Mendoza,23,12,0.0,25.5,70.3
26/12/2023,Tucuman,14,12,0.0,35.3,72.2
27/12/2023,Buenos Aires,19,6,0.0,32.5,39.7
27/12/2023,Cordoba,18,7,0.0,23.0,58.2
27/12/2023,Rosario,24,17,0.0,26.1,46.1
27/12/2023,Mendoza,13,10,0.0,27.4,32.5
27/12/2023,Tucuman,21,17,0.0,38.3,78.2
28/12/2023,Buenos Aires,10,6,0.0,37.3,61.5
28/12/2023,Cordoba,22,8,0.0,38.8,72.5
28/12/2023,Rosario,24,8,0.0,25.3,89.4
28/12/2023,Mendoza,10,7,0.0,35.1,52.9
28/12/2023,Tucuman,16,13,0.0,26.2,77.4
29/12/2023,Buenos Aires,14,11,0.0,11.0,50.7
29/12/2023,Cordoba,24,6,0.0,33.5,53.8
29/12/2023,Rosario,19,9,49.5,16.0,82.8
29/12/2023,Mendoza,22,7,0.0,21.2,40.8
29/12/2023,Tucuman,19,9,0.0,20.0,40.3
30/12/2023,Buenos Aires,14,12,67.6,13.5,40.9
30/12/2023,Cordoba,15,12,0.0,27.5,56.5
30/12/2023,Rosario,16,13,0.0,16.0,60.5
30/12/2023,Mendoza,12,10,0.0,29.0,89.6
30/12/2023,Tucuman,22,10,0.0,25.6,68.4
31/12/2023,Buenos Aires,15,12,0.0,17.9,49.2
31/12/2023,Cordoba,15,7,0.0,17.8,62.4
31/12/2023,Rosario,14,8,0.0,38.2,31.2
31/12/2023,Mendoza,13,9,84.8,27.6,35.3
31/12/2023,Tucuman,15,10,0.0,30.0,49.1
